2414001;140007;13.1.2014;13.1.2014;27.1.2014;AP Service s.r.o.;149,70   ;29,94;179,64;EUR;Na PP;OK;;172362593;0900;0008;vysekove formy a chemia;;
2414002;2040000;7.1.2014;3.1.2014;12.2.2014;SCP Papier a.s.;1 244,44   ;248,89;628,25;EUR;18.2.2014;OK;;1023397009;1111;0008;papier;;
2414003;3100063992;10.1.2014;10.1.2014;3.3.2014;EUROPAPIER - SLOVAKIA, spol.  s r.o.;583,08   ;116,62;699,70;EUR;18.2.2014;OK;;1003055263;1111;0008;papier;;
2414004;16640000;13.1.2014;10.1.2014;19.2.2014;SCP Papier a.s.;1 292,66   ;258,53;1551,19;EUR;18.2.2014;OK;;1023397009;1111;0008;papier;;
2414005;112014;14.1.2014;14.1.2014;14.1.2014;Jan Lukacovsky;1 000,00   ;;1000,00;EUR;16.1.2014;OK;;4014372962;7500;0308;murarske prace;;
2414006;9114005;13.1.2014;13.1.2014;28.1.2014;P78, s.r.o.;6 000,00   ;1200,00;7200,00;EUR;15.1.2014;OK;;2924849062;1100;0008;CTP platne;;
2414007;7447783537;9.1.2014;9.1.2014;23.1.2014;ZSE Energia, a.s.;415,49   ;83,10;498,59;EUR;24.1.2014;OK;;2649000047;1100;0308;elektrina;;
2414008;24240000;15.1.2014;14.1.2014;23.2.2014;SCP Papier a.s.;660,80   ;132,16;792,96;EUR;18.2.2014;OK;;1023397009;1111;0008;papier;;
2414009;11114002;21.1.2014;16.1.2014;4.2.2014;Linwe/KRAFT, s.r.o.;105,00   ;21,00;126,00;EUR;zápočet 16.7.2014;OK;;4090054907;3100;0308;graficke prace;;
2414010;3100064517;17.1.2014;17.1.2014;10.3.2014;EUROPAPIER - SLOVAKIA, spol.  s r.o.;681,62   ;136,32;817,94;EUR;18.2.2014;OK;;1003055263;1111;0008;papier;;
2414011;514029;21.1.2014;21.1.2014;4.2.2014;ALEDETO SLOVAKIA spol. s r.o.;209,04   ;41,81;250,85;EUR;18.2.2014;OK;;2928708961;1100;0008;obaly;;
2414012;1403262122;21.1.2014;21.1.2014;20.2.2014;SPANDEX, s.r.o.;212,47   ;42,49;254,96;EUR;18.2.2014;OK;;2622020267;1100;0008;papier, folie ;;
2414013;20140004;26.1.2014;24.1.2014;9.2.2014;Dušan Mišún;2 974,62   ;594,92;3569,54;EUR;3.2.2014;OK;;784049012;0200;0308;stavebne prace;;
2414014;20140003;26.1.2014;24.1.2014;9.2.2014;Dušan Mišún;919,86   ;183,97;1103,83;EUR;3.2.2014;OK;;784049012;0200;0308;stavebne prace;;
2414015;1403262497;28.1.2014;28.1.2014;27.2.2014;SPANDEX, s.r.o.;638,65   ;127,73;766,38;EUR;18.2.2014;OK;;2622020267;1100;0008;papier, folie ;;
2414016;1403262353;24.1.2014;24.1.2014;23.2.2014;SPANDEX, s.r.o.;158,70   ;31,74;190,44;EUR;18.2.2014;OK;;2622020267;1100;0008;papier, folie ;;
2414017;1481000036;20.1.2014;13.1.2014;3.2.2014;GUMMI -  PRINT SLOVAKIA spol s r.o.;326,80   ;65,36;392,16;EUR;18.2.2014;OK;;6605269018;1111;0008;tlacova chemia, farby;;
2414018;51140000;24.1.2014;23.1.2014;4.3.2014;SCP Papier a.s.;494,88   ;98,98;593,86;EUR;18.2.2014;OK;;1023397009;1111;0008;papier;;
2414019;32040000;17.1.2014;16.1.2014;25.2.2014;SCP Papier a.s.;684,39   ;136,88;821,27;EUR;18.2.2014;OK;;1023397009;1111;0008;papier;;
2414020;7400782983;22.1.2014;21.1.2014;12.2.2014;Slovak Telekom, a.s.;92,14   ;13,09;105,23;EUR;3.2.2014;OK;;2621023511;1100;0308;internet;;
2414021;1401032;27.1.2014;27.1.2014;10.2.2014;BONSENS s.r.o.;240,00   ;48,00;288,00;EUR;18.2.2014;OK;;2243072956;0200;0008;reklamné predmety;;
2414022;2014032;28.1.2014;28.1.2014;11.2.2014;Pedant, s.r.o.;145,02   ;29,00;174,02;EUR;18.2.2014;OK;;2921838333;1100;0308;kniharske prace;;
2414023;114600954;4.2.2014;4.2.2014;4.2.2014;Le Cheque Dejeuner, s.r.o.;556,20   ;3,24;559,44;EUR;Na PP;OK;pokladna;4110023703;3100;0308;stravne poukazky;;
2414024;7700211770;28.1.2014;28.1.2014;18.2.2014;ANTALIS, a.s.;1 189,14   ;237,83;1426,97;EUR;18.2.2014;OK;;2627834307;1100;0008;papier;;
2414025;56340000;27.1.2014;24.1.2014;5.3.2014;SCP Papier a.s.;88,30   ;17,66;105,96;EUR;Na PP;OK;;1023397009;1111;0008;papier;;
2414026;56540000;27.1.2014;24.1.2014;5.3.2014;SCP Papier a.s.;7,14   ;1,43;8,57;EUR;19.3.2014;OK;;1023397009;1111;0008;papier;;
2414027;61040000;28.1.2014;27.1.2014;8.3.2014;SCP Papier a.s.;21,42   ;4,28;25,70;EUR;19.3.2014;OK;;1023397009;1111;0008;papier;;
2414028;3100065178;27.1.2014;27.1.2014;20.3.2014;EUROPAPIER - SLOVAKIA, spol.  s r.o.;189,62   ;37,92;227,54;EUR;19.3.2014;OK;;1003055263;1111;0008;papier;;
2414029;414100264;30.1.2014;29.1.2014;30.1.2014;HARMANEC-KUVERT s.r.o.;299,00   ;59,80;358,80;EUR;30.1.2014;OK;zaloha;2928018055;1100;0308;obalka;;
2414030;20140058;3.2.2014;3.2.2014;13.2.2014;BB PRINT, s.r.o;250,00   ;50,00;300,00;EUR;19.3.2014;OK;;2625191248;1100;0308;polygraficke sluzby;;
2414031;7437435462;3.2.2014;1.2.2014;17.2.2014;ZSE Energia, a.s.;415,49   ;83,10;498,59;EUR;18.2.2014;OK;;2649000047;1100;0308;elektrina;;
2414032;7700212626;7.2.2014;7.2.2014;28.2.2014;ANTALIS, a.s.;1 721,71   ;344,34;2066,05;EUR;19.3.2014;OK;;2627834307;1100;0008;papier;;zapocet s dobropisom
2414033;514064;7.2.2014;7.2.2014;21.2.2014;ALEDETO SLOVAKIA spol. s r.o.;277,20   ;55,44;332,64;EUR;19.3.2014;OK;;2928708961;1100;0008;obaly;;
2414034;9114006;28.1.2014;28.1.2014;12.2.2014;P78, s.r.o.;1 050,00   ;210,00;1260,00;EUR;7.2.2014;OK;pokladna;2924849062;1100;0008;CTP platne;;
2414035;9114014;8.2.2014;8.2.2014;23.2.2014;P78, s.r.o.;450,00   ;90,00;540,00;EUR;3.4.2014;OK;;2924849062;1100;0008;CTP platne;;
2414036;1403263062;7.2.2014;7.2.2014;9.3.2014;SPANDEX, s.r.o.;206,00   ;41,20;247,20;EUR;3.4.2014;OK;;2622020267;1100;0008;papier, folie ;;
2414037;442556;24.1.2014;10.1.2014;14.2.2014;HEIDELBERG Slovensko, s.r.o.;803,31   ;160,66;963,97;EUR;19.3.2014;OK;;5333007;1111;0008;tlacova chemia, farby;;
2414038;3100065780;4.2.2014;4.2.2014;28.3.2014;EUROPAPIER - SLOVAKIA, spol.  s r.o.;644,10   ;128,82;772,92;EUR;19.3.2014;OK;;1003055263;1111;0008;papier;;
2414039;140121;5.2.2014;5.2.2014;19.2.2014;AP Service s.r.o.;111,00   ;22,20;133,20;EUR;19.3.2014;OK;;172362593;0900;0008;vysekove formy a chemia;;
2414040;140116;31.1.2014;31.1.2014;14.2.2014;AP Service s.r.o.;18,28   ;3,66;21,94;EUR;19.3.2014;OK;;172362593;0900;0008;vysekove formy a chemia;;
2414041;4758718413;3.2.2014;31.1.2014;17.2.2014;Slovak Telekom, a.s.;17,60   ;3,52;21,12;EUR;18.2.2014;OK;;2621023511;1100;0308;internet;;
2414042;1413014;23.1.2014;23.1.2014;6.2.2014;Ordner, s.r.o.;31,00   ;6,20;37,20;EUR;30.4.2014;OK;;5019744686;0900;0008;digitalna tlac;;
2414043;3100066127;10.2.2014;10.2.2014;3.4.2014;EUROPAPIER - SLOVAKIA, spol.  s r.o.;229,37   ;45,87;275,24;EUR;3.4.2014;OK;;1003055263;1111;0008;papier;;
2414044;11114019;11.2.2014;11.2.2014;22.2.2014;Linwe/KRAFT, s.r.o.;525,00   ;105,00;630,00;EUR;zápočet 16.7.2014;OK;;4090054907;3100;0308;graficke prace;;
2414045;1413033;10.2.2014;10.2.2014;24.2.2014;Ordner, s.r.o.;37,50   ;7,50;45,00;EUR;30.4.2014;OK;;5019744686;0900;0008;digitalna tlac;;
2414046;113001;18.2.2014;31.1.2014;14.2.2014;ABF;16 500,00   ;3300,00;19800,00;EUR;18.2.2014;OK;;2626763316;1100;0308;0;;
2414047;122014;18.2.2014;10.2.2014;16.2.2014;Jan Lukacovsky;1 000,00   ;;1000,00;EUR;18.2.2014;OK;;4014372962;7500;0308;murarske prace;;
2414048;11114020;11.2.2014;11.2.2014;22.2.2014;Linwe/KRAFT, s.r.o.;175,00   ;35,00;210,00;EUR;zápočet 16.7.2014;OK;;4090054907;3100;0308;graficke prace;;
2414049;11114030;14.2.2014;14.2.2014;25.2.2014;Linwe/KRAFT, s.r.o.;420,00   ;84,00;504,00;EUR;zápočet 16.7.2014;OK;;4090054907;3100;0308;graficke prace;;
2414050;103840000;11.2.2014;10.2.2014;22.3.2014;SCP Papier a.s.;62,87   ;12,57;75,44;EUR;19.3.2014;OK;;1023397009;1111;0008;papier;;
2414051;1401131;31.1.2014;31.1.2014;15.2.2014;CAREXPRESS - express courier service s.r.o.;21,40   ;4,28;25,68;EUR;28.3.2014;OK;;2625833749;1100;0308;kurierske sluzby;;
2414052;9000733983;11.2.2014;31.1.2014;5.3.2014;Slovenská pošta a.s.;10 384,58   ;2076,92;12461,50;EUR;3.4.2014;OK;19;3001130011;6500;0308;postove sluzby;;
2414053;1014020172;13.2.2014;13.2.2014;27.2.2014;M&P spol. s r.o.;390,00   ;78,00;468,00;EUR;19.3.2014;OK;;184271883;7500;0308;servis;;
2414054;442615;12.2.2014;12.2.2014;26.2.2014;HEIDELBERG Slovensko, s.r.o.;200,22   ;40,04;240,26;EUR;19.3.2014;OK;;5333007;1111;0008;tlacova chemia, farby;;
2414055;442616;12.2.2014;12.2.2014;26.2.2014;HEIDELBERG Slovensko, s.r.o.;54,00   ;10,80;64,80;EUR;19.3.2014;OK;;5333007;1111;0008;tlacova chemia, farby;;
2414056;112640000;14.2.2014;13.2.2014;25.3.2014;SCP Papier a.s.;1 488,68   ;297,74;1786,42;EUR;19.3.2014;OK;;1023397009;1111;0008;papier;;
2414057;201401236;10.2.2014;10.2.2014;24.2.2014;TYPOCON spol. s r.o.;30,06   ;6,01;36,07;EUR;3.4.2014;OK;;2629455124;1100;0308;digitalna tlac;;
2414058;201401589;18.2.2014;18.2.2014;4.3.2014;TYPOCON spol. s r.o.;30,06   ;6,01;36,07;EUR;3.4.2014;OK;;2629455124;1100;0308;digitalna tlac;;
2414059;201401236;10.2.2014;10.2.2014;24.2.2014;TYPOCON spol. s r.o.;30,06   ;6,01;36,07;EUR;3.4.2014;OK;;2629455124;1100;0308;digitalna tlac;;
2414060;140100021;14.2.2014;12.2.2014;28.2.2014;printech s.r.o.;97,00   ;19,40;116,40;EUR;3.4.2014;OK;;2445395251;0200;0308;servis stroja;;
2414061;442669;18.2.2014;18.2.2014;4.3.2014;HEIDELBERG Slovensko, s.r.o.;238,88   ;47,78;286,66;EUR;19.3.2014;OK;;5333007;1111;0008;tlacova chemia, farby;;
2414062;20140011;18.2.2014;18.2.2014;4.3.2014;Dušan Mišún;4 343,16   ;868,63;5211,79;EUR;7.3.2014;OK;;784049012;0200;0308;stavebne prace;;
2414063;123340000;18.2.2014;18.2.2014;29.3.2014;SCP Papier a.s.;105,32   ;21,06;126,38;EUR;3.4.2014;OK;;1023397009;1111;0008;papier;;
2414064;137640000;21.2.2014;20.2.2014;1.4.2014;SCP Papier a.s.;2 491,52   ;498,30;2989,82;EUR;5.4.2014;OK;;1023397009;1111;0008;papier;;
2414065;140182;21.2.2014;21.2.2014;7.3.2014;AP Service s.r.o.;11,90   ;2,38;14,28;EUR;28.3.2014;OK;;172362593;0900;0008;vysekove formy a chemia;;
2414066;140163;19.2.2014;19.2.2014;5.3.2014;AP Service s.r.o.;77,60   ;15,52;93,12;EUR;28.3.2014;OK;;172362593;0900;0008;vysekove formy a chemia;;
2414067;1403263554;19.2.2014;19.2.2014;21.3.2014;SPANDEX, s.r.o.;385,90   ;77,18;463,08;EUR;5.4.2014;OK;;2622020267;1100;0008;papier, folie ;;
2414068;140203;5.2.2014;5.2.2014;28.2.2014;ISKRA Global, s.r.o.;2 730,00   ;546,00;3276,00;EUR;15.4.2014;OK;;1058359002;1111;0308;crm;;
2414069;140202;5.2.2014;5.2.2014;28.2.2014;ISKRA Global, s.r.o.;9 680,00   ;1936,00;11616,00;EUR;15.4.2014;OK;;1058359002;1111;0308;crm;;
2414070;1413037;12.2.2014;12.2.2014;26.2.2014;Ordner, s.r.o.;71,40   ;14,28;85,68;EUR;30.4.2014;OK;;5019744686;0900;0008;digitalna tlac;;
2414071;2014004;26.2.2014;31.1.2014;24.2.2014;LikoSpol, a.s.;698,30   ;139,66;837,96;EUR;19.3.2014;OK;;9613368001;5600;0308;služby;;zapocet
2414072;20140407;25.2.2014;25.2.2014;11.3.2014;TECHNOBAL - Šaľa, s.r.o.;120,26   ;24,05;144,31;EUR;15.4.2014;OK;;4230075508;3100;0008;baliace materialy;;
2414073;7401890419;22.2.2014;21.2.2014;10.3.2014;Slovak Telekom, a.s.;91,71   ;13,01;104,72;EUR;7.3.2014;OK;;2621023511;1100;0308;internet;;
2414074;3100067174;24.2.2014;24.2.2014;17.4.2014;EUROPAPIER - SLOVAKIA, spol.  s r.o.;174,58   ;34,92;209,50;EUR;24.4.2014;OK;;1003055263;1111;0008;papier;;
2414075;140016;25.2.2014;25.2.2014;4.3.2014;Alpha Industry & Service s.r.o.;320,00   ;64,00;384,00;EUR;7.3.2014;OK;;5032119252;0900;0008;zdvihaci stol;;
2414076;9114015;28.2.2014;28.2.2014;15.3.2014;P78, s.r.o.;5 900,00   ;1180,00;7080,00;EUR;5.4.2014;OK;;2924849062;1100;0008;CTP platne;;
2414077;7700213672;21.2.2014;21.2.2014;14.3.2014;ANTALIS, a.s.;699,92   ;139,98;839,90;EUR;15.4.2014;OK;;2627834307;1100;0008;papier;;
2414078;201401947;26.2.2014;26.2.2014;12.3.2014;TYPOCON spol. s r.o.;39,63   ;7,93;47,56;EUR;15.4.2014;OK;;2629455124;1100;0308;digitalna tlac;;
2414079;140200;28.2.2014;28.2.2014;14.3.2014;AP Service s.r.o.;22,12   ;4,42;26,54;EUR;15.4.2014;OK;;172362593;0900;0008;vysekove formy a chemia;;
2414080;7418399169;7.3.2014;1.3.2014;17.3.2014;ZSE Energia, a.s.;415,49   ;83,10;498,59;EUR;7.3.2014;OK;;2649000047;1100;0308;elektrina;;
2414081;201408;13.3.2014;6.3.2014;13.3.2014;SAGRAF, s.r.o.;13 500,00   ;2700,00;16200,00;EUR;19.3.2014;OK;;2466016556;0200;0008;0;;
2414082;132014;8.3.2014;8.3.2014;8.3.2014;Jan Lukacovsky;1 400,00   ;;1400,00;EUR;19.3.2014;OK;;4014372962;7500;0308;murarske prace;;
2414083;14010043;10.2.2014;10.2.2014;17.2.2014;OWN s.r.o.;150,00   ;30,00;180,00;EUR;15.4.2014;OK;;2628030861;1100;0308;sietotlac;;
2414084;140021;6.3.2014;6.3.2014;13.3.2014;Alpha Indusrty & Service s.r.o.;304,30   ;60,86;365,16;EUR;28.3.2014;OK;;5032119252;0900;0308;servis VZV;;
2414085;7700214559;5.3.2014;5.3.2014;26.3.2014;ANTALIS, a.s.;493,69   ;98,74;592,43;EUR;15.4.2014;OK;;2627834307;1100;0008;papier;;
2414086;1340147499;4.3.2014;4.3.2014;18.3.2014;Festo s.r.o.;43,70   ;8,74;52,44;EUR;19.3.2014;OK;;4000455003;3100;0308;0;;
2414087;1403109;10.3.2014;10.3.2014;24.3.2014;BONSENS s.r.o.;114,00   ;22,80;136,80;EUR;24.4.2014;OK;;2243072956;0200;0008;reklamné predmety;;
2414088;140235;4.3.2014;28.2.2014;18.3.2014;AP Service s.r.o.;43,60   ;8,72;52,32;EUR;28.3.2014;OK;;172362593;0900;0008;vysekove formy a chemia;;
2414089;20140021;25.2.2014;25.2.2014;11.3.2014;Opack, s.r.o.;183,37   ;36,67;220,04;EUR;24.4.2014;OK;;2621802697;1100;0308;vysek;;
2414090;100672014;3.3.2014;24.2.2014;17.3.2014;AD TEAM, s.r.o.;192,00   ;38,40;230,40;EUR;28.3.2014;OK;;4210245805;3100;0308;tlac;;
2414091;100682014;3.3.2014;18.2.2014;17.3.2014;AD TEAM, s.r.o.;380,00   ;76,00;456,00;EUR;28.3.2014;OK;;4210245805;3100;0308;tlac;;
2414092;1402131;28.2.2014;28.2.2014;15.3.2014;CAREXPRESS - express courier service s.r.o.;112,50   ;22,50;135,00;EUR;19.3.2014;OK;;2625833749;1100;0308;kurierske sluzby;;
2414093;3100067871;5.3.2014;5.3.2014;26.4.2014;EUROPAPIER - SLOVAKIA, spol.  s r.o.;644,10   ;128,82;772,92;EUR;2.6.2014;OK;;1003055263;1111;0008;papier;;
2414094;7759711083;3.3.2014;28.2.2014;17.3.2014;Slovak Telekom, a.s.;17,60   ;3,52;21,12;EUR;19.3.2014;OK;;2621023511;1100;0308;internet;;
2414095;442782;3.3.2014;3.3.2014;17.3.2014;HEIDELBERG Slovensko, s.r.o.;371,93   ;74,39;446,32;EUR;19.3.2014;OK;;5333007;1111;0008;tlacova chemia, farby;;
2414096;1481000200;28.2.2014;24.2.2014;14.3.2014;GUMMI -  PRINT SLOVAKIA spol s r.o.;68,55   ;13,71;82,26;EUR;15.4.2014;OK;;6605269018;1111;0008;tlacova chemia, farby;;
2414097;11114073;3.4.2014;25.3.2014;5.4.2014;Linwe/KRAFT, s.r.o.;10 365,00   ;2073,00;12438,00;EUR;zápočet 16.7.2014;OK;;4090054907;3100;0308;graficke prace;;zapocet
2414098;229840000;3.4.2014;25.3.2014;3.5.2014;SCP Papier a.s.;640,92   ;128,18;769,10;EUR;2.6.2014;OK;;1023397009;1111;0008;papier;;
2414099;1413068;3.4.2014;17.3.2014;31.3.2014;Ordner, s.r.o.;220,00   ;44,00;264,00;EUR;30.4.2014;OK;;5019744686;0900;0008;digitalna tlac;;
2414100;1403133;3.4.2014;25.3.2014;8.4.2014;BONSENS s.r.o.;133,95   ;26,79;160,74;EUR;24.4.2014;OK;;2243072956;0200;0008;reklamné predmety;;dobropis 140001
2414101;220640000;3.4.2014;21.3.2014;29.4.2014;SCP Papier a.s.;238,96   ;47,79;286,75;EUR;2.6.2014;OK;;1023397009;1111;0008;papier;;
2414102;140300;3.4.2014;19.3.2014;2.4.2014;AP Service s.r.o.;79,20   ;15,84;95,04;EUR;24.4.2014;OK;;172362593;0900;0008;vysekove formy a chemia;;
2414103;140313;3.4.2014;19.3.2014;2.4.2014;AP Service s.r.o.;144,00   ;28,80;172,80;EUR;24.4.2014;OK;;172362593;0900;0008;vysekove formy a chemia;;
2414104;2014030306;3.4.2014;12.3.2014;26.3.2014;HV print, spol. s r.o.;1 183,20   ;236,64;1419,84;EUR;24.4.2014;OK;;938542062;0200;0308;tlac;;
2414105;3100068606;3.4.2014;17.3.2014;8.5.2014;EUROPAPIER - SLOVAKIA, spol.  s r.o.;1 118,88   ;223,78;1342,66;EUR;2.6.2014;OK;;1003055263;1111;0008;papier;;
2414106;5940230;3.4.2014;14.3.2014;22.4.2014;SCP Papier a.s.;647,88   ;129,58;777,46;EUR;24.4.2014;OK;;1023397009;1111;0008;papier;;
2414107;140100037;3.4.2014;14.3.2014;28.3.2014;printech s.r.o.;53,00   ;10,60;63,60;EUR;15.4.2014;OK;;2445395251;0200;0308;servis stroja;;
2414108;2214152;3.4.2014;27.3.2014;10.4.2014;UNILAK SK, s.r.o.;254,80   ;50,96;305,76;EUR;24.4.2014;OK;;311989303;7500;0308;UV lak;;
2414109;7700215949;3.4.2014;21.3.2014;11.4.2014;ANTALIS, a.s.;239,74   ;47,95;287,69;EUR;24.4.2014;OK;;2627834307;1100;0008;papier;;
2414110;7700215711;3.4.2014;19.3.2014;9.4.2014;ANTALIS, a.s.;78,89   ;15,78;94,67;EUR;15.4.2014;OK;;2627834307;1100;0008;papier;;
2414111;7700216397;3.4.2014;27.3.2014;17.4.2014;ANTALIS, a.s.;30,27   ;6,05;36,32;EUR;15.4.2014;OK;;2627834307;1100;0008;papier;;
2414112;1403265181;3.4.2014;24.3.2014;24.3.2014;SPANDEX, s.r.o.;41,83   ;8,37;50,20;EUR;5.4.2014;OK;;2622020267;1100;0008;papier, folie ;;
2414113;2014015;3.4.2014;15.3.2014;25.3.2014;LikoSpol, a.s.;554,42   ;110,88;665,30;EUR;15.4.2014;OK;;9613368001;5600;0308;služby;;
2414114;50314;3.4.2014;17.3.2014;25.3.2014;mind.ing s.r.o.;335,00   ;67,00;402,00;EUR;15.4.2014;OK;;2620117057;1100;0308;0;;
2414115;60314;3.4.2014;18.3.2014;25.3.2014;mind.ing s.r.o.;660,00   ;132,00;792,00;EUR;15.4.2014;OK;;2620117057;1100;0308;0;;
2414116;242140000;3.4.2014;28.3.2014;6.5.2014;SCP Papier a.s.;835,38   ;167,08;1002,46;EUR;2.6.2014;OK;;1023397009;1111;0008;papier;;
2414117;7402969433;3.4.2014;22.3.2014;9.4.2014;Slovak Telekom, a.s.;104,66   ;;104,66;EUR;24.4.2014;OK;;2628740740;1100;0308;telefon;;
2414118;1481000312;3.4.2014;24.3.2014;7.4.2014;GUMMI -  PRINT SLOVAKIA spol s r.o.;108,00   ;21,60;129,60;EUR;2.6.2014;OK;;6605269018;1111;0008;tlacova chemia, farby;;
2414119;3100068317;3.4.2014;12.3.2014;3.5.2014;EUROPAPIER - SLOVAKIA, spol.  s r.o.;1 300,40   ;260,08;1560,48;EUR;2.6.2014;OK;;1003055263;1111;0008;papier;;
2414120;201400928;3.4.2014;7.3.2014;14.3.2014;PROFIS  spol. s r.o.;53,62   ;10,72;64,34;EUR;24.4.2014;OK;;250737654;0900;0308;0;;
2414121;1413058;3.4.2014;6.3.2014;20.3.2014;Ordner, s.r.o.;55,00   ;11,00;66,00;EUR;30.4.2014;OK;;5019744686;0900;0008;digitalna tlac;;
2414122;1403264932;3.4.2014;19.3.2014;19.3.2014;SPANDEX, s.r.o.;60,60   ;12,12;72,72;EUR;5.4.2014;OK;;2622020267;1100;0008;papier, folie ;;
2414123;7700215444;3.4.2014;17.3.2014;7.4.2014;ANTALIS, a.s.;493,69   ;98,74;592,43;EUR;2.6.2014;OK;;2627834307;1100;0008;papier;;
2414124;1403264769;3.4.2014;17.3.2014;17.3.2017;SPANDEX, s.r.o.;20,97   ;4,19;25,16;EUR;5.4.2014;OK;;2622020267;1100;0008;papier, folie ;;
2414125;1403264685;3.4.2014;13.3.2014;13.3.2014;SPANDEX, s.r.o.;203,88   ;40,78;244,66;EUR;5.4.2014;OK;;2622020267;1100;0008;papier, folie ;;
2414126;7437587683;5.4.2014;1.4.2014;17.4.2014;ZSE Energia, a.s.;415,49   ;83,10;498,59;EUR;5.4.2014;OK;;2649000047;1100;0308;elektrina;;
2414127;514155;2.4.2014;2.4.2014;16.4.2014;ALEDETO SLOVAKIA spol. s r.o.;118,08   ;23,62;141,70;EUR;2.6.2014;OK;;2928708961;1100;0008;obaly;;
2414128;372014;28.3.2014;28.3.2014;11.4.2014;PREPRESS - Štefan Csicsay;46,62   ;9,32;55,94;EUR;24.4.2014;OK;;4008816360;7500;0308;polygraficka vyroba;;
2414129;662014;2.4.2014;2.4.2014;9.4.2014;TYPIN - Ing. Ladislav Zedek;128,00   ;25,60;153,60;EUR;24.4.2014;OK;;1153548012;0200;0308;kniharske spracovanie;;
2414130;140100350;3.4.2014;3.4.2014;17.4.2014;Michal Gontko - migo;32,80   ;6,56;39,36;EUR;3.4.2014;OK;;2927848006;1100;0008;lišty;;
2414131;452014;18.3.2014;18.3.2014;28.3.2014;Hložka Peter;150,00   ;;150,00;EUR;18.3.2014;OK;;4040126909;3100;0308;BOZP;;
2414132;20140028;22.3.2014;22.3.2014;5.4.2014;Opack, s.r.o.;143,60   ;28,72;172,32;EUR;2.6.2014;OK;;2621802697;1100;0308;vysek;;
2414133;3100069768;1.4.2014;1.4.2014;23.5.2014;EUROPAPIER - SLOVAKIA, spol.  s r.o.;291,29   ;58,26;349,55;EUR;2.6.2014;OK;;1003055263;1111;0008;papier;;
2414134;201402954;31.3.2014;31.3.2014;14.4.2014;TYPOCON spol. s r.o.;33,84   ;6,77;40,61;EUR;2.6.2014;OK;;2629455124;1100;0308;digitalna tlac;;
2414135;11114087;4.4.2014;4.4.2014;15.4.2014;Linwe/KRAFT, s.r.o.;805,00   ;161,00;966,00;EUR;zápočet 16.7.2014;OK;;4090054907;3100;0308;graficke prace;;
2414136;20140163;14.3.2014;14.3.2014;24.3.2014;BB PRINT, s.r.o;820,00   ;164,00;984,00;EUR;2.6.2014;OK;;2625191248;1100;0308;polygraficke sluzby;;
2414137;4760704240;3.4.2014;31.3.2014;17.4.2014;Slovak Telekom, a.s.;17,60   ;3,52;21,12;EUR;15.4.2014;OK;;2621023511;1100;0308;internet;;
2414138;140333;31.3.2014;31.3.2014;14.4.2014;AP Service s.r.o.;47,10   ;9,42;56,52;EUR;2.6.2014;OK;;172362593;0900;0008;vysekove formy a chemia;;
2414139;140206;15.4.2014;28.2.2014;14.3.2014;ISKRA Global, s.r.o.;2 347,80   ;469,56;2817,36;EUR;15.4.2014;OK;;1058359002;1111;0308;crm;;
2414140;20140024;24.3.2014;10.3.2014;7.4.2014;Dušan Mišún;5 833,33   ;1166,67;7000,00;EUR;24.3.2014;OK;;784049012;0200;0308;stavebne prace;;
2414141;1403266397;15.4.2014;15.4.2014;15.5.2014;SPANDEX, s.r.o.;314,31   ;62,86;377,17;EUR;2.6.2014;OK;;2622020267;1100;0008;papier, folie ;;
2414142;64412992;9.4.2014;31.3.2014;23.4.2014;Direct Parcel Distribution SK s.r.o.;21,19   ;4,24;25,43;EUR;24.4.2014;OK;;2744789453;0200;0308;preprava;;
2414143;268440000;4.4.2014;2.4.2014;12.5.2014;SCP Papier a.s.;37,08   ;7,42;44,50;EUR;2.6.2014;OK;;1023397009;1111;0008;papier;;
2414144;2014084;7.4.2014;2.4.2014;21.4.2014;PACELT s.r.o.;295,72   ;59,15;354,87;EUR;24.4.2014;OK;;2627861313;1100;0308;servis;;
2414145;1404158;7.4.2014;7.4.2014;21.4.2014;BONSENS s.r.o.;262,00   ;52,40;314,40;EUR;2.6.2014;OK;;2243072956;0200;0008;reklamné predmety;;
2414146;1404164;7.4.2014;7.4.2014;21.4.2014;BONSENS s.r.o.;450,00   ;90,00;540,00;EUR;2.6.2014;OK;;2243072956;0200;0008;reklamné predmety;;
2414147;450036;4.4.2014;1.4.2014;18.4.2014;HEIDELBERG Slovensko, s.r.o.;249,66   ;49,93;299,59;EUR;2.6.2014;OK;;5333007;1111;0008;tlacova chemia, farby;;
2414148;1403131;31.3.2014;31.3.2014;15.4.2014;CAREXPRESS - express courier service s.r.o.;62,20   ;12,44;74,64;EUR;24.4.2014;OK;;2625833749;1100;0308;kurierske sluzby;;
2414149;1413094;31.3.2014;31.3.2014;14.4.2014;Ordner, s.r.o.;30,00   ;6,00;36,00;EUR;30.4.2014;OK;;5019744686;0900;0008;digitalna tlac;;
2414150;140355;31.3.2014;31.3.2014;14.4.2014;AP Service s.r.o.;21,80   ;4,36;26,16;EUR;2.6.2014;OK;;172362593;0900;0008;vysekove formy a chemia;;
2414151;201403669;7.4.2014;7.4.2014;21.4.2014;TYPOCON spol. s r.o.;15,54   ;3,11;18,65;EUR;24.4.2014;OK;;2629455124;1100;0308;digitalna tlac;;
2414152;1403265955;4.4.2014;4.4.2014;4.5.2014;SPANDEX, s.r.o.;916,04   ;183,21;1099,25;EUR;2.6.2014;OK;;2622020267;1100;0008;papier, folie ;;
2414153;7700217286;7.4.2014;7.4.2014;28.4.2014;ANTALIS, a.s.;1 689,31   ;337,86;2027,17;EUR;2.6.2014;OK;;2627834307;1100;0008;papier;;
2414154;262014;10.4.2014;10.4.2014;24.1.2014;Jaroslava Szabová;100,00   ;;100,00;EUR;24.4.2014;OK;;5039524314;0900;0308;vysek;;
2414155;20140025;12.4.2014;12.4.2014;26.4.2014;Dušan Mišún;5 562,80   ;1112,56;6675,36;EUR;9.5.2014;OK;;784049012;0200;0308;stavebne prace;;
2414156;20140023;9.4.2014;9.4.2014;23.4.2014;Dušan Mišún;972,65   ;194,53;1167,18;EUR;24.4.2014;OK;;784049012;0200;0308;stavebne prace;;
2414157;140303;28.3.2014;28.3.2014;11.4.2014;ISKRA Global, s.r.o.;2 730,00   ;546,00;3276,00;EUR;2.6.2014;OK;;1058359002;1111;0308;crm;;
2414158;9114026;14.4.2014;14.4.2014;29.4.2014;P78, s.r.o.;3 540,00   ;708,00;4248,00;EUR;3.6.2014;OK;;2924849062;1100;0008;CTP platne;;
2414159;80140487;9.4.2014;4.4.2014;23.4.2014;KASICO, a.s.;189,99   ;38,00;227,99;EUR;24.4.2014;OK;;11446665;0900;0308;tlac;;
2414160;11114098;15.4.2014;15.4.2014;26.4.2014;Linwe/KRAFT, s.r.o.;265,00   ;53,00;318,00;EUR;zápočet 16.7.2014;OK;;4090054907;3100;0308;graficke prace;;
2414161;2013233;31.3.2014;31.3.2014;17.12.2013;Ordner, s.r.o.;67,50   ;13,50;81,00;EUR;30.4.2014;OK;;5019744686;0900;0008;digitalna tlac;;
2414162;2013252;31.3.2014;31.3.2014;1.1.2014;Ordner, s.r.o.;146,80   ;29,36;176,16;EUR;30.4.2014;OK;;5019744686;0900;0008;digitalna tlac;;
2414163;140365;29.4.2014;7.4.2014;21.4.2014;AP Service s.r.o.;39,00   ;7,80;46,80;EUR;2.6.2014;OK;;172362593;0900;0008;vysekove formy a chemia;;
2414164;301640000;29.4.2014;11.4.2014;21.5.2014;SCP Papier a.s.;29,13   ;5,83;34,96;EUR;2.6.2014;OK;;1023397009;1111;0008;papier;;
2414165;20140048;29.4.2014;24.4.2014;8.5.2014;LMT obaly s.r.o.;257,40   ;51,48;308,88;EUR;3.6.2014;OK;;2663988856;0200;0008;kasirovanie;;
2414166;20140840;29.4.2014;22.4.2014;6.5.2014;TECHNOBAL - Šaľa, s.r.o.;120,26   ;24,05;144,31;EUR;3.6.2014;OK;;4230075508;3100;0008;baliace materialy;;
2414168;2014027;29.4.2014;15.4.2014;25.4.-2014;LikoSpol, a.s.;427,60   ;85,52;513,12;EUR;3.6.2014;OK;;9613368001;5600;0308;služby;;
2414169;1413105;29.4.2014;8.4.2014;22.4.2014;Ordner, s.r.o.;65,36   ;13,07;78,43;EUR;19.5.2014;OK;;5019744686;0900;0008;digitalna tlac;;
2414170;40314;29.4.2014;14.3.2014;29.4.2014;Martin Mačuga;768,00   ;;768,00;EUR;19.5.2014;OK;;174316697;0900;0308;polygraficka vyroba;;
2414171;327440000;29.4.2014;25.4.2014;3.6.2014;SCP Papier a.s.;175,00   ;35,00;210,00;EUR;3.6.2014;OK;;1023397009;1111;0008;papier;;
2414172;7700218734;29.4.2014;24.4.2014;15.5.2014;ANTALIS, a.s.;585,58   ;117,12;702,70;EUR;3.6.2014;OK;;2627834307;1100;0008;papier;;
2414173;20141140;29.4.2014;25.4.2014;9.5.2014;PROGARD, s.r.o.;270,00   ;54,04;324,04;EUR;19.5.2014;OK;;2622763052;1100;0308;tlač;;
2414174;20140026;28.4.2014;28.4.2014;12.5.2014;Dušan Mišún;3 265,60   ;653,12;3918,72;EUR;9.5.2014;OK;;784049012;0200;0308;stavebne prace;;
2414175;2214201;28.4.2014;28.4.2014;12.5.2014;UNILAK SK, s.r.o.;100,00   ;20,00;120,00;EUR;3.6.2014;OK;;311989303;7500;0308;UV lak;;
2414176;7448115618;2.5.2014;1.5.2014;16.5.2014;ZSE Energia, a.s.;415,49   ;83,10;498,59;EUR;9.5.2014;OK;;2649000047;1100;0308;elektrina;;
2414177;450261;28.4.2014;25.4.2014;12.5.2014;HEIDELBERG Slovensko, s.r.o.;76,23   ;15,25;91,48;EUR;3.6.2014;OK;;5333007;1111;0008;tlacova chemia, farby;;
2414178;328940000;28.4.2014;25.4.2014;4.6.2014;SCP Papier a.s.;128,99   ;25,80;154,79;EUR;3.6.2014;OK;;1023397009;1111;0008;papier;;
2414179;338040000;30.4.2014;29.4.2014;8.6.2014;SCP Papier a.s.;1 738,44   ;347,69;2086,13;EUR;3.6.2014;OK;;1023397009;1111;0008;papier;;
2414180;111400006;30.4.2014;31.3.2014;9.5.2014;HE Group s.r.o.;1 050,00   ;210,00;1260,00;EUR;3.6.2014;OK;;4011110027;7500;0308;montazne prace;;
2414181;7403973663;22.4.2014;21.4.2014;9.5.2014;Slovak Telekom, a.s.;112,81   ;16,23;129,04;EUR;9.5.2014;OK;;2621023511;1100;0308;internet;;
2414182;120140428;25.4.2014;23.4.2014;9.5.2014;GRAFITEC SLOVAKIA GROUP s r.o.;401,26   ;80,25;481,51;EUR;3.6.2014;OK;;2925863245;1100;0308;technologicke vybavenie;;
2414183;9114033;2.5.2014;2.5.2014;17.5.2014;P78, s.r.o.;6 000,00   ;1200,00;7200,00;EUR;20.6.2014;OK;;2924849062;1100;0008;CTP platne;;
2414184;2014136;5.5.2014;5.5.2014;19.5.2014;Pedant, s.r.o.;120,00   ;24,00;144,00;EUR;3.6.2014;OK;;2921838333;1100;0308;kniharske prace;;
2414185;20140028;4.5.2014;2.5.2014;18.5.2014;Dušan Mišún;3 889,92   ;777,98;4667,90;EUR;20.6.2014;OK;;784049012;0200;0308;stavebne prace;;
2414186;20140029;5.5.2014;5.5.2014;19.5.2014;Dušan Mišún;3 725,62   ;745,12;4470,74;EUR;6.5.2014;OK;;784049012;0200;0308;stavebne prace;;
2414187;3100071753;2.5.2014;2.5.2014;23.6.2014;EUROPAPIER - SLOVAKIA, spol.  s r.o.;1 127,29   ;225,46;1352,75;EUR;3.6.2014;OK;;1003055263;1111;0008;papier;;
2414188;350040000;5.5.2014;2.5.2014;11.6.2014;SCP Papier a.s.;618,80   ;123,76;742,56;EUR;3.6.2014;OK;;1023397009;1111;0008;papier;;
2414189;1404203;30.4.2014;30.4.2014;14.5.2014;BONSENS s.r.o.;114,00   ;22,80;136,80;EUR;3.6.2014;OK;;2243072956;0200;0008;reklamné predmety;;
2414190;140437;30.4.2014;30.4.2014;14.5.2014;AP Service s.r.o.;107,17   ;21,43;128,60;EUR;3.6.2014;OK;;172362593;0900;0008;vysekove formy a chemia;;
2414191;140100128;6.5.2014;6.5.2014;20.5.2014;Microsysrem, s.r.o.;2 418,65   ;483,73;2902,38;EUR;20.6.2014;OK;;2628030511;1100;0008;ezs;;
2414192;6761704254;3.5.2014;30.4.2014;19.5.2014;Slovak Telekom, a.s.;17,60   ;3,52;21,12;EUR;19.5.2014;OK;;2621023511;1100;0308;internet;;
2414193;321405048;18.5.2014;16.5.2014;30.5.2014;REMAPLAST spol. s r.o.;303,96   ;60,79;364,75;EUR;19.5.2014;OK;;2623250910;1100;0008;material na vyrobu reklamy;;
2414194;132014;18.5.2014;13.5.2014;20.5.2014;Judr. Eva Cervenanska;1 934,00   ;;1934,00;EUR;19.5.2014;OK;;146246062;0200;0308;pravne sluzby;;
2414195;140405;30.4.2014;30.4.2014;14.5.2014;ISKRA Global, s.r.o.;2 730,00   ;546,00;3276,00;EUR;3.6.2014;OK;;1058359002;1111;0308;crm;;
2414196;64416039;6.5.2014;30.4.2014;20.5.2014;Direct Parcel Distribution SK s.r.o.;87,09   ;17,42;104,51;EUR;5.6.2014;OK;;2744789453;0200;0308;preprava;;
2414197;1404131;30.4.2014;30.4.2014;15.5.2014;CAREXPRESS - express courier service s.r.o.;16,00   ;3,20;19,20;EUR;3.6.2014;OK;;2625833749;1100;0308;kurierske sluzby;;
2414198;20140049;30.4.2014;15.4.2014;14.5.2014;Opack, s.r.o.;60,90   ;12,18;73,08;EUR;5.6.2014;OK;;2621802697;1100;0308;vysek;;
2414199;9900001825;16.5.2014;30.4.2014;26.5.2014;Slovenská pošta a.s.;149,54   ;;149,54;EUR;3.6.2014;OK;19;3001130011;6500;0308;postove sluzby;;
2414200;7700220640;16.5.2014;16.5.2014;6.6.2014;ANTALIS, a.s.;254,37   ;50,87;305,24;EUR;3.7.2014;OK;;2627834307;1100;0008;papier;;
2414201;20140323;21.5.2014;21.5.2014;31.5.2014;BB PRINT, s.r.o;315,00   ;63,00;378,00;EUR;20.6.2014;OK;;2625191248;1100;0308;polygraficke sluzby;;
2414202;201405465;22.5.2014;22.5.2014;5.6.2014;TYPOCON spol. s r.o.;41,40   ;8,28;49,68;EUR;5.6.2014;OK;;2629455124;1100;0308;digitalna tlac;;
2414203;201405544;22.5.2014;22.5.2014;5.6.2014;TYPOCON spol. s r.o.;60,00   ;12,00;72,00;EUR;5.6.2014;OK;;2629455124;1100;0308;digitalna tlac;;
2414204;2014038;31.5.2014;15.4.2014;25.4.2014;LikoSpol, a.s.;362,96   ;72,59;435,55;EUR;3.7.2014;OK;;9613368001;5600;0308;služby;;
2414205;1403500699;19.5.2014;19.5.2014;19.5.2014;SPANDEX, s.r.o.;666,20   ;133,24;799,44;EUR;19.5.2014;OK;;2622020267;1100;0008;papier, folie ;;hotovost
2414206;140100535;19.5.2014;19.5.2014;2.6.2014;Michal Gontko - migo;34,40   ;6,88;41,28;EUR;19.5.2014;OK;;2927848006;1100;0308;0;;dobierka
2414207;140548;27.5.2014;27.5.2014;10.6.2014;AP Service s.r.o.;49,80   ;9,96;59,76;EUR;5.6.2014;OK;;172362593;0900;0008;vysekove formy a chemia;;
2414208;1403501261;28.5.2014;28.5.2014;28.5.2014;SPANDEX, s.r.o.;38,77   ;7,75;46,52;EUR;29.5.2014;OK;;2622020267;1100;0008;papier, folie ;;hotovost
2414209;140512;19.5.2014;19.5.2014;2.6.2014;AP Service s.r.o.;16,60   ;3,32;19,92;EUR;5.6.2014;OK;;172362593;0900;0008;vysekove formy a chemia;;
2414210;1403500516;14.5.2014;14.5.2014;13.6.2014;SPANDEX, s.r.o.;462,09   ;92,42;554,51;EUR;3.7.2014;OK;;2622020267;1100;0008;papier, folie ;;
2414211;140490;14.5.2014;14.5.2014;28.5.2014;AP Service s.r.o.;114,90   ;22,98;137,88;EUR;3.7.2014;OK;;172362593;0900;0008;vysekove formy a chemia;;
2414212;450459;20.5.2014;20.5.2014;3.6.2014;HEIDELBERG Slovensko, s.r.o.;230,14   ;46,03;276,17;EUR;3.7.2014;OK;;5333007;1111;0008;tlacova chemia, farby;;
2414213;123463962;6.5.2014;6.5.2014;16.5.2014;SCHENKER s.r.o.;99,00   ;19,80;118,80;EUR;3.7.2014;OK;;2627310060;1100;0008;preprava;;
2414214;3100072416;14.5.2014;14.5.2014;5.7.2014;EUROPAPIER - SLOVAKIA, spol.  s r.o.;566,54   ;113,31;679,85;EUR;3.7.2014;OK;;1003055263;1111;0008;papier;;
2414215;20140298;13.5.2014;13.5.2014;23.5.2014;BB PRINT, s.r.o;100,00   ;20,00;120,00;EUR;3.7.2014;OK;;2625191248;1100;0308;polygraficke sluzby;;
2414216;450517;27.5.2014;26.5.2014;10.6.2014;HEIDELBERG Slovensko, s.r.o.;23,65   ;4,73;28,38;EUR;3.7.2014;OK;;5333007;1111;0008;tlacova chemia, farby;;
2414217;3100073256;27.5.2014;27.5.2014;18.7.2014;EUROPAPIER - SLOVAKIA, spol.  s r.o.;2 642,64   ;528,53;3171,17;EUR;3.7.2014;OK;;1003055263;1111;0008;papier;;
2414218;80140751;28.5.2014;28.5.2014;11.6.2014;KASICO, a.s.;190,01   ;38,00;228,01;EUR;12.6.2014;OK;;11446665;0900;0308;tlac;;
2414219;7404957719;22.5.2014;21.5.2014;9.6.2014;Slovak Telekom, a.s.;85,6+26,67;17,12;129,39;EUR;12.6.2014;OK;;2621023511;1100;0308;internet;;
2414220;11114142;28.5.2014;28.5.2014;8.6.2014;Linwe/KRAFT, s.r.o.;2 500,00   ;500,00;3000,00;EUR;zápočet 16.7.2014;OK;;4090054907;3100;0308;graficke prace;;
2414221;11114143;28.5.2014;28.5.2014;8.6.2014;Linwe/KRAFT, s.r.o.;592,30   ;118,46;710,76;EUR;zápočet 16.7.2014;OK;;4090054907;3100;0308;graficke prace;;
2414222;401440000;23.5.2014;22.5.2014;1.7.2014;SCP Papier a.s.;17,99   ;3,60;21,59;EUR;3.7.2014;OK;;1023397009;1111;0008;papier;;
2414223;114057619;27.5.2014;27.5.2014;27.5.2014;Le Cheque Dejeuner, s.r.o.;618,00   ;3,60;621,60;EUR;27.5.2014;OK;;4110023703;3100;0308;stravne poukazky;;proforma fa
2414224;1413125;5.5.2014;5.5.2014;19.5.2014;Ordner, s.r.o.;412,50   ;82,50;621,60;EUR;25.8.2014;OK;;5019744686;0900;0008;digitalna tlac;;
2414225;2700010843;4.6.2014;4.6.2014;4.6.2014;SIKA Slovensko spol. s r.o.;49,50   ;9,90;59,40;EUR;4.6.2014;OK;;123;123;0308;0;;hotovost
2414226;2700010875;5.6.2014;5.6.2014;25.2.1900;SIKA Slovensko spol. s r.o.;252,00   ;50,40;302,40;EUR;5.6.2014;OK;;123;123;0308;0;;hotovost
2414227;428940000;30.5.2014;30.5.2014;9.7.2014;SCP Papier a.s.;441,22   ;88,24;529,46;EUR;3.7.2014;OK;;1023397009;1111;0008;papier;;
2414228;11114153;6.6.2014;6.6.2014;17.6.2014;Linwe/KRAFT, s.r.o.;6 143,00   ;1228,60;7371,60;EUR;zápočet 16.7.2014;OK;;4090054907;3100;0308;graficke prace;;
2414229;20140062;30.5.2014;30.5.2014;13.6.2014;Opack, s.r.o.;201,05   ;40,21;241,26;EUR;3.7.2014;OK;;2621802697;1100;0308;vysek;;
2414230;450539;28.5.2014;27.5.2014;11.6.2014;HEIDELBERG Slovensko, s.r.o.;222,95   ;44,59;267,54;EUR;3.7.2014;OK;;5333007;1111;0008;tlacova chemia, farby;;
2414231;1014050664;30.5.2014;27.5.2014;13.6.2014;M&P spol. s r.o.;208,54   ;41,71;250,25;EUR;20.6.2014;OK;;184271883;7500;0308;servis;;
2414232;3100073545;30.5.2014;30.5.2014;21.7.2014;EUROPAPIER - SLOVAKIA, spol.  s r.o.;1 333,59   ;266,72;1600,31;EUR;3.7.2014;OK;;1003055263;1111;0008;papier;;
2414233;7418670682;2.6.2014;1.6.2014;16.6.2014;ZSE Energia, a.s.;415,49   ;83,10;498,59;EUR;12.6.2014;OK;;2649000047;1100;0308;elektrina;;
2414234;1481000608;27.5.2014;19.5.2014;10.6.2014;GUMMI -  PRINT SLOVAKIA spol s r.o.;88,00   ;17,60;105,60;EUR;3.7.2014;OK;;6605269018;1111;0008;tlacova chemia, farby;;
2414235;6762709698;3.6.2014;31.5.2014;17.6.2014;Slovak Telekom, a.s.;17,60   ;3,52;21,12;EUR;12.6.2014;OK;;2621023511;1100;0308;internet;;
2414236;1481000640;30.5.2014;30.5.2014;13.6.2014;GUMMI -  PRINT SLOVAKIA spol s r.o.;401,20   ;80,24;481,44;EUR;3.7.2014;OK;;6605269018;1111;0008;tlacova chemia, farby;;
2414237;140503;31.5.2014;31.5.2014;14.6.2014;ISKRA Global, s.r.o.;2 730,00   ;546,00;3276,00;EUR;20.6.2014;OK;;1058359002;1111;0308;crm;;
2414238;1405131;31.5.2014;31.5.2014;18.6.2014;CAREXPRESS - express courier service s.r.o.;25,70   ;5,14;30,84;EUR;20.6.2014;OK;;2625833749;1100;0308;kurierske sluzby;;
2414239;64418298;19.5.2014;15.5.2014;2.6.2014;Direct Parcel Distribution SK s.r.o.;5,45   ;1,09;6,54;EUR;20.6.2014;OK;;2744789453;0200;0308;preprava;;
2414240;11114159;12.6.2014;12.6.2014;23.6.2014;Linwe/KRAFT, s.r.o.;927,50   ;185,50;1113,00;EUR;zápočet 16.7.2014;OK;;4090054907;3100;0308;graficke prace;;
2414241;11114163;17.6.2014;17.6.2014;28.6.2014;Linwe/KRAFT, s.r.o.;437,50   ;87,50;525,00;EUR;zápočet 16.7.2014;OK;;4090054907;3100;0308;graficke prace;;
2414242;11114166;17.6.2014;17.6.2014;28.6.2014;Linwe/KRAFT, s.r.o.;2 135,00   ;427,00;2562,00;EUR;zápočet 16.7.2014;OK;;4090054907;3100;0308;graficke prace;;
2414243;11114164;17.6.2014;17.6.2014;28.6.2014;Linwe/KRAFT, s.r.o.;1 456,50   ;291,30;1747,80;EUR;zápočet 16.7.2014;OK;;4090054907;3100;0308;graficke prace;;
2414244;2700011084;12.6.2014;12.6.2014;12.6.2014;Sika Slovakia spol. s r.o.;170,00   ;34,00;204,00;EUR;11.6.2014;OK;hotovost;123;123;0308;0;;
2414245;414101538;10.6.2014;10.6.2014;10.6.2014;HARMANEC-KUVERT s.r.o.;392,00   ;78,40;470,40;EUR;10.6.2014;OK;proforma;2928018055;1100;0308;obalka;;
2414246;474740000;17.6.2014;16.6.2014;26.7.2014;SCP Papier a.s.;3 772,35   ;754,47;4526,82;EUR;9.7.2014;OK;;1023397009;1111;0008;papier;;
2414247;2700011167;16.6.2014;16.6.2014;16.6.2014;Sika Slovakia spol. s r.o.;88,00   ;17,60;105,60;EUR;13.6.2014;OK;proforma;123;123;0308;0;;
2414248;11114177;20.6.2014;20.6.2014;1.7.2014;Linwe/KRAFT, s.r.o.;1 200,00   ;240,00;1440,00;EUR;zápočet 16.7.2014;OK;;4090054907;3100;0308;graficke prace;;
2414249;3100074627;17.6.2014;17.6.2014;8.8.2014;EUROPAPIER - SLOVAKIA, spol.  s r.o.;379,87   ;75,97;455,84;EUR;17.7.2014;OK;;1003055263;1111;0008;papier;;
2414250;2014050;27.6.2014;31.5.2014;25.6.2014;LikoSpol, a.s.;360,37   ;72,07;432,44;EUR;3.7.2014;OK;;9613368001;5600;0308;služby;;
2414251;487440000;20.6.2014;19.6.2014;29.7.2014;SCP Papier a.s.;214,98   ;43,00;257,98;EUR;3.7.2014;OK;;1023397009;1111;0008;papier;;
2414252;2700011331;20.6.2014;20.6.2014;20.6.2014;Sika Slovakia spol. s r.o.;126,00   ;25,20;151,20;EUR;20.6.2014;OK;proforma;123;123;0308;0;;
2414253;514292;23.6.2014;23.6.2014;7.7.2014;ALEDETO SLOVAKIA spol. s r.o.;108,24   ;21,65;129,89;EUR;3.7.2014;OK;;2928708961;1100;0008;obaly;;
2414254;20140034;24.6.2014;24.6.2014;8.7.2014;Dušan Mišún;6 202,13   ;1240,43;7442,56;EUR;17.7.2014;OK;;784049012;0200;0308;stavebne prace;;
2414255;1552014;30.6.2014;30.6.2014;11.7.2014;PREPRESS - Štefan Csicsay;45,62   ;9,12;54,74;EUR;3.7.2014;OK;;4008816360;7500;0308;polygraficka vyroba;;
2414256;7405944086;22.6.2014;21.6.2014;9.7.2014;Slovak Telekom, a.s.;75,46   ;15,09;117,22;EUR;3.7.2014;OK;;2621023511;1100;0308;internet;;
2414257;3100075434;27.6.2014;27.6.2014;18.8.2014;EUROPAPIER - SLOVAKIA, spol.  s r.o.;620,00   ;124,00;744,00;EUR;22.7.2014;OK;;1003055263;1111;0008;papier;;
2414258;140653;20.6.2014;20.6.2014;4.7.2014;AP Service s.r.o.;345,60   ;69,12;414,72;EUR;9.7.2014;OK;;172362593;0900;0008;vysekove formy a chemia;;
2414259;2014042;7.7.2014;7.7.2014;21.7.2014;E.Šúry - Klimaplus;470,00   ;94,00;564,00;EUR;9.7.2014;OK;;1522478057;0200;0308;servis klimatizacie;;
2414260;7700225159;3.7.2014;3.7.2014;24.7.2014;ANTALIS, a.s.;149,91   ;29,98;179,89;EUR;17.7.2014;OK;;1021225000;1111;0008;papier;;
2414261;7700224500;26.6.2014;26.6.2014;17.7.2014;ANTALIS, a.s.;114,73   ;22,95;137,68;EUR;17.7.2014;OK;;1021225000;1111;0008;papier;;
2414262;1403502240;17.6.2014;17.6.2014;17.7.2014;SPANDEX, s.r.o.;194,68   ;38,94;233,62;EUR;17.7.2014;OK;;2622020267;1100;0008;papier, folie ;;
2414263;120140637;19.6.2014;19.6.2014;4.7.2014;GRAFITEC SLOVAKIA GROUP s r.o.;277,20   ;55,44;332,64;EUR;17.7.2014;OK;;2925863245;1100;0308;technologicke vybavenie;;
2414264;120140610;12.6.2014;12.6.2014;26.6.2014;GRAFITEC SLOVAKIA GROUP s r.o.;162,46   ;32,49;194,95;EUR;17.7.2014;OK;;2925863245;1100;0308;technologicke vybavenie;;
2414265;140574;30.5.2014;30.5.2014;13.6.2014;AP Service s.r.o.;53,40   ;10,68;64,08;EUR;17.7.2014;OK;;172362593;0900;0008;vysekove formy a chemia;;
2414266;140586;30.5.2014;30.5.2014;13.6.2014;AP Service s.r.o.;21,80   ;4,36;26,16;EUR;17.7.2014;OK;;172362593;0900;0008;vysekove formy a chemia;;
2414267;20141208;4.6.2014;4.6.2014;18.6.2014;TECHNOBAL - Šaľa, s.r.o.;120,26   ;24,05;144,31;EUR;17.7.2014;OK;;4230075508;3100;0008;baliace materialy;;
2414268;20140284;26.6.2014;26.6.2014;10.7.2014;INTER PRINT spol. s r. o.;40,00   ;8,00;48,00;EUR;17.7.2014;OK;;2622340893;1100;0308;kniharske spracovanie;;
2414269;7448274651;1.7.2014;1.7.2014;15.7.2014;ZSE Energia, a.s.;415,49   ;83,10;498,59;EUR;9.7.2014;OK;;2649000047;1100;0308;elektrina;;
2414270;64424570;3.7.2014;30.6.2014;17.7.2014;Direct Parcel Distribution SK s.r.o.;9,68   ;1,94;11,62;EUR;9.7.2014;OK;;2744789453;0200;0308;preprava;;
2414271;8763718394;3.7.2014;30.6.2014;17.7.2014;Slovak Telekom, a.s.;17,60   ;3,52;21,12;EUR;9.7.2014;OK;;2621023511;1100;0308;internet;;
2414272;11114194;7.7.2014;7.7.2014;18.7.2014;Linwe/KRAFT, s.r.o.;85,00   ;17,00;102,00;EUR;zápočet 10.9.2014;OK;;4090054907;3100;0308;graficke prace;;
2414273;1312014;8.7.2014;8.7.2014;22.7.2014;Marek Vach;17,50   ;3,50;21,00;EUR;9.7.2014;OK;;2623431463;1100;0308;digitalny natlacok;;
2414274;140743;7.7.2014;7.7.2014;21.7.2014;AP Service s.r.o.;182,70   ;36,54;219,24;EUR;17.7.2014;OK;;172362593;0900;0008;vysekove formy a chemia;;
2414275;140711;30.6.2014;30.6.2014;14.7.2014;AP Service s.r.o.;792,00   ;158,40;950,40;EUR;17.7.2014;OK;;172362593;0900;0008;vysekove formy a chemia;;
2414276;1407351;8.7.2014;8.7.2014;15.7.2014;BONSENS s.r.o.;57,92   ;11,58;69,50;EUR;17.7.2014;OK;;2243072956;0200;0008;reklamné predmety;;
2414277;535740000;7.7.2014;3.7.2014;12.8.2014;SCP Papier a.s.;953,37   ;190,67;1136,84;EUR;17.7.2014;OK;7,20 dobropis;1023397009;1111;0008;papier;;
2414278;20140075;30.6.2014;19.6.2014;14.7.2014;Opack, s.r.o.;255,09   ;51,02;306,11;EUR;17.7.2014;OK;;2621802697;1100;0308;vysek;;
2414279;1481000780;27.6.2014;26.6.2014;11.7.2014;GUMMI -  PRINT SLOVAKIA spol s r.o.;56,30   ;11,26;67,56;EUR;17.7.2014;OK;;6605269018;1111;0008;tlacova chemia, farby;;
2414280;1406031;30.6.2014;30.6.2014;15.7.2014;CAREXPRESS s.r.o.;12,34   ;;12,34;EUR;17.7.2014;OK;;2925898632;1100;0308;kurierske sluzby;;
2414281;1572014;15.7.2014;15.7.2014;22.7.2014;TYPIN - Ing. Ladislav Zedek;256,00   ;51,20;307,20;EUR;17.7.2014;OK;;1153548012;0200;0308;kniharske spracovanie;;
2414282;11114201;1.7.2014;1.7.2014;15.7.2014;Linwe/KRAFT, s.r.o.;785,78   ;157,16;942,94;EUR;zápočet 10.9.2014;OK;;4090054907;3100;0308;graficke prace;;
2414283;11114200;1.7.2014;1.7.2014;21.7.2014;Linwe/KRAFT, s.r.o.;73,39   ;14,68;88,07;EUR;zápočet 10.9.2014;OK;;4090054907;3100;0308;graficke prace;;
2414284;1400555;18.7.2014;18.7.2014;1.8.2014;Fibra print s.r.o.;1 300,00   ;260,00;1560,00;EUR;24.7.2014;OK;;2623116068;1100;0008;rezací stroj NEOLT;;
2414285;114605308;17.7.2014;17.7.2014;17.7.2014;Le Cheque Dejeuner, s.r.o.;927,00   ;5,40;932,40;EUR;uhradena v hotovosti;OK;;4110023703;3100;0308;stravne poukazky;;
2414286;2014061;15.7.2014;30.6.2014;25.7.2014;LikoSpol, a.s.;677,78   ;135,56;813,34;EUR;24.7.2014;OK;;9613368001;5600;0308;sluzby/najom;;
2414287;64426501;24.7.2014;15.7.2014;1.8.2014;Direct Parcel Distribution SK s.r.o.;13,43   ;2,69;16,12;EUR;24.7.2014;OK;;2744789453;0200;0308;preprava;;
2414288;544640000;9.7.2014;8.7.2014;17.8.2014;SCP Papier a.s.;29,90   ;5,98;35,88;EUR;7.8.2014;OK;;1023397009;1111;0008;papier;;
2414289;1014070864;14.7.2014;8.7.2014;28.7.2014;M&P spol. s r.o.;238,00   ;47,60;285,60;EUR;25.8.2014;OK;;184271883;7500;0308;servis;;
2414290;3100076295;14.7.2014;14.7.2014;4.9.2014;EUROPAPIER - SLOVAKIA, spol.  s r.o.;454,88   ;90,98;545,86;EUR;7.8.2014;OK;;1003055263;1111;0008;papier;;
2414291;450941;15.7.2014;4.7.2014;29.7.2014;HEIDELBERG Slovensko, s.r.o.;205,49   ;41,10;246,59;EUR;7.8.2014;OK;;5333007;1111;0008;tlacova chemia, farby;;
2414292;451015;21.7.2014;21.7.2014;4.8.2014;HEIDELBERG Slovensko, s.r.o.;32,86   ;6,57;39,43;EUR;7.8.2014;OK;;5333007;1111;0008;tlacova chemia, farby;;
2414293;11114219;25.7.2014;25.7.2014;5.8.2014;Linwe/KRAFT, s.r.o.;7 413,00   ;1482,60;8895,60;EUR;zápočet 10.9.2014;OK;;4090054907;3100;0308;graficke prace;;
2414294;11114221;28.7.2014;28.7.2014;8.8.2014;Linwe/KRAFT, s.r.o.;178,00   ;35,60;213,60;EUR;zápočet 10.9.2014;OK;;4090054907;3100;0308;graficke prace;;
2414295;12014;1.8.2014;31.7.2014;10.8.2014;Silvia Vanková;850,00   ;;850,00;EUR;7.8.2014;OK;;1264232002;1111;0308;sprostredkovanie;;
2414296;1413139;1.7.2014;1.7.2014;15.7.2014;Ordner, s.r.o.;560,91   ;112,18;673,09;EUR;7.8.2014;OK;;5019744686;0900;0008;digitalna tlac;;
2414297;601840000;30.7.2014;29.7.2014;7.9.2014;SCP Papier a.s.;120,46   ;24,09;144,55;EUR;7.8.2014;OK;;1023397009;1111;0008;papier;;
2414298;601440000;30.7.2014;29.7.2014;7.9.2014;SCP Papier a.s.;549,79   ;109,96;659,75;EUR;7.8.2014;OK;;1023397009;1111;0008;papier;;
2414299;603240000;31.7.2014;30.7.2014;8.9.2014;SCP Papier a.s.;587,16   ;117,43;704,59;EUR;7.8.2014;OK;;1023397009;1111;0008;papier;;
2414300;1403504321;30.7.2014;30.7.2014;29.8.2014;SPANDEX, s.r.o.;105,73   ;21,15;126,88;EUR;7.8.2014;OK;;2622020267;1100;0008;papier, folie ;;
2414301;7406917195;22.7.2014;21.7.2014;11.8.2014;Slovak Telekom, a.s.;103,33   ;15,33;118,66;EUR;7.8.2014;OK;;2621023511;1100;0308;internet;;
2414302;140789;25.7.2014;25.7.2014;8.8.2014;AP Service s.r.o.;69,10   ;13,82;82,92;EUR;7.8.2014;OK;;172362593;0900;0008;vysekove formy a chemia;;
2414303;451080;29.7.2014;28.7.2014;12.8.2014;HEIDELBERG Slovensko, s.r.o.;154,70   ;30,94;185,64;EUR;7.8.2014;OK;;5333007;1111;0008;tlacova chemia, farby;;
2414304;111400025;30.7.2014;30.7.2014;13.8.2014;HE Group s.r.o.;490,00   ;98,00;588,00;EUR;7.8.2014;OK;;4011110027;7500;0308;montazne prace;;
2414305;9950000337;28.7.2014;28.7.2014;11.8.2014;ANTALIS, a.s.;40,53   ;;40,53;EUR;7.8.2014;OK;;1021225000;1111;0008;papier;;
2414306;764859205;7.8.2014;31.7.2014;15.8.2014;Slovak Telekom, a.s.;17,60   ;3,52;21,12;EUR;7.8.2014;OK;;2621023511;1100;0308;internet;;
2414307;514361;7.8.2014;7.8.2014;21.8.2014;ALEDETO SLOVAKIA spol. s r.o.;108,24   ;21,65;38,28;EUR;7.8.2014;OK;;2928708961;1100;0008;obaly;;
2414308;811406;7.8.2014;7.8.2014;17.8.2014;Polepy, s.r.o.;5 900,00   ;1180,00;7080,00;EUR;7.8.2014;OK;;2926908927;1100;0308;CTP;;
2414309;321407111;7.8.2014;25.7.2014;8.8.2014;REMAPLAST spol. s r.o.;321,84   ;64,37;386,21;EUR;7.8.2014;OK;;2623250910;1100;0008;material na vyrobu reklamy;;
2414310;2482014;7.8.2014;5.8.2014;19.8.2014;PREPRESS - Štefan Csicsay;13,32   ;2,66;15,98;EUR;25.8.2014;OK;;4008816360;7500;0308;polygraficka vyroba;;
2414311;7437912977;8.8.2014;1.8.2014;15.8.2014;ZSE Energia, a.s.;415,49   ;83,10;498,59;EUR;25.8.2014;OK;;2649000047;1100;0308;elektrina;;
2414312;20140481;8.8.2014;4.8.2014;14.8.2014;BB PRINT, s.r.o;200,00   ;40,00;240,00;EUR;25.8.2014;OK;;2625191248;1100;0308;polygraficke sluzby;;
2414313;123480671;8.8.2014;4.8.2014;14.8.2014;SCHENKER s.r.o.;19,98   ;4,00;23,98;EUR;25.8.2014;OK;;2627310060;1100;0008;preprava;;
2414314;1652014;8.8.2014;31.7.2014;7.8.2014;TYPIN - Ing. Ladislav Zedek;662,50   ;132,50;795,00;EUR;25.8.2014;OK;;1153548012;0200;0308;kniharske spracovanie;;
2414315;140809;8.8.2014;30.7.2014;13.8.2014;AP Service s.r.o.;21,80   ;4,36;26,16;EUR;25.8.2014;OK;;172362593;0900;0008;vysekove formy a chemia;;
2414316;26019475;8.8.2014;29.7.2014;19.8.2014;ANTALIS, a.s.;10,77   ;2,15;12,92;EUR;25.8.2014;OK;;1021225000;1111;0008;papier;;
2414317;1403504114;8.8.2014;25.7.2014;25.8.2014;SPANDEX, s.r.o.;242,88   ;48,58;291,46;EUR;25.8.2014;OK;;2622020267;1100;0008;papier, folie ;;
2414318;1403504131;8.8.2014;25.7.2014;24.8.2014;SPANDEX, s.r.o.;109,06   ;21,81;130,87;EUR;25.8.2014;OK;;2622020267;1100;0008;papier, folie ;;
2414319;1403504046;8.8.2014;23.7.2014;22.8.2014;SPANDEX, s.r.o.;153,96   ;30,79;184,75;EUR;25.8.2014;OK;;2622020267;1100;0008;papier, folie ;;
2414320;140100781;8.8.2014;7.7.2014;21.7.2014;Michal Gontko - Migo;67,20   ;13,44;80,64;EUR;8.7.2014;OK;dobierka;2927848006;1100;0308;plagatove listy;;
2414321;1402010;7.8.2014;7.8.2014;21.8.2014;ALEDETO SLOVAKIA spol. s r.o.;76,34   ;15,27;91,61;EUR;6.10.2014;OK;;2928708961;1100;0008;obaly;;
2414322;140862;12.8.2014;12.8.2014;26.8.2014;AP Service s.r.o.;37,60   ;7,52;45,12;EUR;25.8.2014;OK;;172362593;0900;0008;vysekove formy a chemia;;
2414323;140067;12.8.2014;12.8.2014;19.8.2014;Alpha Indusrty & Service s.r.o.;320,00   ;64,00;384,00;EUR;25.8.2014;OK;;5032119252;0900;0308;servis VZV;;
2414324;612014;25.7.2014;25.7.2014;25.7.2014;AGROSILVA SR spol. s r.o.;124,60   ;24,92;149,52;EUR;14.7.2014 zaloha;OK;27100;212;0200;0008;parkovaci doraz;;
2414325;1407108;19.8.2014;31.7.2014;15.8.2014;CAREXPRESS s.r.o.;20,00   ;4,00;24,00;EUR;8.9.2014;OK;;2925898632;1100;0308;kurierske sluzby;;
2414326;3100077591;19.8.2014;5.8.2014;26.9.2014;EUROPAPIER - SLOVAKIA, spol.  s r.o.;458,80   ;91,76;550,56;EUR;8.9.2014;OK;;1003055263;1111;0008;papier;;
2414327;2214399;19.8.2014;8.8.2014;22.8.2014;UNILAK SK, s.r.o.;55,00   ;11,00;66,00;EUR;8.9.2014;OK;;311989303;7500;0308;UV lak;;
2414328;20141769;19.8.2014;13.8.2014;27.8.2014;TECHNOBAL - Šaľa, s.r.o.;120,26   ;24,15;144,41;EUR;8.9.2014;OK;;4230075508;3100;0008;baliace materialy;;
2414329;94072495;24.7.2014;23.7.2014;23.7.2014;Decodom;8,33   ;1,67;10,00;EUR;23.7.2014;OK;pfa;25716283;7500;0008;nabytok;;
2414330;94072492;24.7.2014;23.7.2014;23.7.2014;Decodom;234,11   ;46,82;280,93;EUR;23.7.2014;OK;pfa;25716283;7500;0008;nabytok;;
2414331;94072493;24.7.2014;23.7.2014;23.7.2014;Decodom;200,00   ;40,00;240,00;EUR;23.7.2014;OK;pfa;25716283;7500;0008;nabytok;;
2414332;94072494;24.7.2014;23.7.2014;23.7.2014;Decodom;545,15   ;109,03;654,18;EUR;23.7.2014;OK;pfa;25716283;7500;0008;nabytok;;
2414333;2213025;18.8.2014;15.1.2013;29.1.2013;UNILAK SK, s.r.o.;100,10   ;20,02;120,12;EUR;8.9.2014;OK;;311989303;7500;0308;UV lak;;
2414334;2014072;15.8.2014;31.7.2014;25.8.2014;LikoSpol, a.s.;658,03   ;131,61;789,64;EUR;8.9.2014;OK;;9613368001;5600;0308;sluzby/najom;;
2414335;2014279;21.8.2014;18.8.2014;1.9.2014;Pedant, s.r.o.;673,75   ;134,75;808,50;EUR;25.8.2014;OK;;2921838333;1100;0308;kniharske prace;;
2414336;1403505440;25.8.2014;25.8.2014;24.9.2014;SPANDEX, s.r.o.;166,35   ;33,27;199,62;EUR;8.9.2014;OK;;2622020267;1100;0008;papier, folie ;;
2414337;11114253;25.8.2014;25.8.2014;5.9.2014;Linwe/KRAFT, s.r.o.;405,00   ;81,00;486,00;EUR;zápočet 10.9.2014;OK;;4090054907;3100;0308;graficke prace;;
2414338;7407884240;2.9.2014;22.8.2014;9.9.2014;Slovak Telekom, a.s.;127,88   ;25,64;153,52;EUR;8.9.2014;OK;;2628740740;1100;0308;internet;;
2414339;648540000;2.9.2014;19.8.2014;27.9.2014;SCP Papier a.s.;399,67   ;79,93;479,60;EUR;8.9.2014;OK;;1023397009;1111;0008;papier;;
2414340;656040000;2.9.2014;20.8.2014;29.9.2014;SCP Papier a.s.;3,35   ;0,67;4,02;EUR;8.9.2014;OK;;1023397009;1111;0008;papier;;
2414341;656340000;2.9.2014;21.8.2014;29.9.2014;SCP Papier a.s.;624,26   ;124,85;749,11;EUR;8.9.2014;OK;;1023397009;1111;0008;papier;;
2414342;665040000;2.9.2014;22.8.2014;1.10.2014;SCP Papier a.s.;17,23   ;3,45;20,68;EUR;8.9.2014;OK;;1023397009;1111;0008;papier;;
2414343;140100271;25.8.2014;25.8.2014;8.9.2014;Microsysrem, s.r.o.;358,15   ;71,63;429,78;EUR;8.9.2014;OK;;2628030511;1100;0308;ústredna;;
2414344;22014;3.9.2014;3.9.2014;10.9.2014;Silvia Vanková;850,00   ;;850,00;EUR;18.9.2014;OK;;1264232002;1111;0308;sprostredkovanie;;
2414345;2014060852;8.9.2014;30.6.2014;17.7.2014;HV print, spol. s r.o.;990,08   ;198,02;1188,10;EUR;8.9.2014;OK;;938542062;0200;0308;tlac;;
2414346;1403505970;4.9.2014;4.9.2014;4.10.2014;SPANDEX, s.r.o.;595,96   ;119,19;715,15;EUR;18.9.2014;OK;;2622020267;1100;0008;papier, folie ;;
2414347;201409362;28.8.2014;28.8.2014;11.9.2014;TYPOCON spol. s r.o.;74,61   ;14,92;89,53;EUR;18.9.2014;OK;;2629455124;1100;0308;digitalna tlac;;
2414348;201409568;8.9.2014;8.9.2014;22.9.2014;TYPOCON spol. s r.o.;140,00   ;28,00;168,00;EUR;18.9.2014;OK;;2629455124;1100;0308;digitalna tlac;;
2414349;1403505759;2.9.2014;2.9.2014;2.10.2014;SPANDEX, s.r.o.;207,04   ;41,41;248,45;EUR;18.9.2014;OK;;2622020267;1100;0008;papier, folie ;;
2414350;80814;3.9.2014;3.9.2014;17.9.2014;Martin Mačuga;768,00   ;;768,00;EUR;18.9.2014;OK;;174316697;0900;0308;polygraficka vyroba;;
2414351;11114183;27.8.2014;26.6.2014;7.7.2014;Linwe/KRAFT, s.r.o.;45,00   ;9,00;54,00 €;EUR;zápočet 10/9;OK;;4090054907;3100;0308;graficke prace;;
2414352;14191408;11.9.2014;11.9.2014;12.9.2014;Decodom;30,00   ;6,00;36,00;EUR;preddavok;OK;;25716283;7500;0008;nabytok;;
2414353;14191407;11.9.2014;11.9.2014;12.9.2014;Decodom;545,15   ;109,03;654,18;EUR;preddavok;OK;;25716283;7500;0008;nabytok;;
2414354;14191406;11.9.2014;11.9.2014;12.9.2014;Decodom;661,77   ;132,36;794,13;EUR;preddavok;OK;;25716283;7500;0008;nabytok;;
2414355;14191405;11.9.2014;11.9.2014;12.9.2014;Decodom;234,11   ;46,82;280,93;EUR;preddavok;OK;;25716283;7500;0008;nabytok;;
2414356;6765836159;3.9.2014;31.8.2014;17.9.2014;Slovak Telekom, a.s.;17,60   ;3,52;21,12;EUR;18.9.2014;OK;;2621023511;1100;0308;internet;;
2414357;140912;18.9.2014;26.8.2014;9.9.2014;AP Service s.r.o.;13,87   ;2,77;16,64;EUR;18.9.2014;OK;;172362593;0900;0008;vysekove formy a chemia;;
2414358;451422;18.9.2014;11.9.2014;25.9.2014;HEIDELBERG Slovensko, s.r.o.;107,75   ;21,55;129,30;EUR;18.9.2014;OK;;5333007;1111;0008;tlacova chemia, farby;;
2414359;451317;18.9.2014;26.8.2014;9.9.2014;HEIDELBERG Slovensko, s.r.o.;301,04   ;60,21;361,25;EUR;18.9.2014;OK;;5333007;1111;0008;tlacova chemia, farby;;
2414360;451320;18.9.2014;26.8.2014;9.9.2014;HEIDELBERG Slovensko, s.r.o.;23,65   ;4,73;28,38;EUR;18.9.2014;OK;;5333007;1111;0008;tlacova chemia, farby;;
2414361;686040000;18.9.2014;2.9.2014;12.10.2014;SCP Papier a.s.;127,70   ;25,54;153,24;EUR;18.9.2014;OK;;1023397009;1111;0008;papier;;
2414362;64433561;18.9.2014;31.8.2014;17.9.2014;Direct Parcel Distribution SK s.r.o.;12,25   ;2,45;14,70;EUR;18.9.2014;OK;;2744789453;0200;0308;preprava;;
2414363;7448407040;18.9.2014;1.9.2014;16.9.2014;ZSE Energia, a.s.;415,49   ;83,10;498,59;EUR;18.9.2014;OK;;2649000047;1100;0308;elektrina;;
2414364;2700013153;18.9.2014;21.8.2014;21.8.2014;SIKA Slovensko spol. s r.o.;126,00   ;25,20;151,20;EUR;21.8.2014;OK;;2741792059;0200;0308;naterove hmoty;;
2414365;292014;18.9.2014;10.9.2014;10.9.2014;Jan Lukacovsky;3 500,00   ;;3500,00;EUR;14.1.2015;OK;;4014372962;7500;0308;murarske prace;;
2414366;1403506594;18.9.2014;18.9.2014;18.9.2014;SPANDEX, s.r.o.;10,46   ;2,09;12,55;EUR;18.9.2014;OK;;2622020267;1100;0008;papier, folie ;;
2414367;1403506673;19.9.2014;19.9.2014;19.10.2014;SPANDEX, s.r.o.;194,00   ;38,80;232,80;EUR;6.10.2014;OK;;2622020267;1100;0008;papier, folie ;;
2414368;140976;12.9.2014;12.9.2014;26.9.2014;AP Service s.r.o.;144,00   ;28,80;172,80;EUR;6.10.2014;OK;;172362593;0900;0008;vysekove formy a chemia;;
2414369;140972;11.9.2014;11.9.2014;25.9.2014;AP Service s.r.o.;129,50   ;25,90;155,40;EUR;6.10.2014;OK;;172362593;0900;0008;vysekove formy a chemia;;
2414370;697640000;8.9.2014;5.9.2014;15.10.2014;SCP Papier a.s.;48,05   ;9,61;57,66;EUR;6.10.2014;OK;;1023397009;1111;0008;papier;;
2414371;3100079294;4.9.2014;4.9.2014;26.10.2014;EUROPAPIER - SLOVAKIA, spol.  s r.o.;449,33   ;89,87;539,20;EUR;6.10.2014;OK;;1003055263;1111;0008;papier;;
2414372;451495;17.9.2014;17.9.2014;1.10.2014;HEIDELBERG Slovensko, s.r.o.;47,30   ;9,46;56,76;EUR;6.10.2014;OK;;5333007;1111;0008;tlacova chemia, farby;;
2414373;811409;20.9.2014;16.9.2014;30.9.2014;Polepy, s.r.o.;1 945,00   ;389,00;2334,00;EUR;2.10.2014;OK;;2926908927;1100;0308;CTP;;
2414374;451546;2.10.2014;24.9.2014;9.10.2014;HEIDELBERG Slovensko, s.r.o.;140,32   ;28,06;168,38;EUR;6.10.2014;OK;;5333007;1111;0008;tlacova chemia, farby;;
2414375;761740000;2.10.2014;25.9.2014;4.11.2014;SCP Papier a.s.;120,46   ;24,09;144,55;EUR;6.10.2014;OK;;1023397009;1111;0008;papier;;
2414376;7408851391;2.10.2014;21.9.2014;9.10.2014;Slovak Telekom, a.s.;82,40   ;;125,55;EUR;2.10.2014;OK;;2621023511;1100;0308;internet;;
2414377;3100080630;2.10.2014;24.9.2014;15.11.2014;EUROPAPIER - SLOVAKIA, spol.  s r.o.;522,08   ;104,42;626,50;EUR;6.10.2014;OK;;1003055263;1111;0008;papier;;
2414378;20142127;2.10.2014;24.9.2014;8.10.2014;TECHNOBAL - Šaľa, s.r.o.;59,10   ;11,82;70,92;EUR;2.10.2014;OK;;4230075508;3100;0008;baliace materialy;;
2414379;201410120;2.10.2014;29.9.2014;13.10.2014;TYPOCON spol. s r.o.;17,39   ;3,48;20,87;EUR;6.10.2014;OK;;2629455124;1100;0308;digitalna tlac;;
2414380;1481001092;2.10.2014;17.9.2014;2.10.2014;GUMMI -  PRINT SLOVAKIA spol s r.o.;66,00   ;13,20;79,20;EUR;6.10.2014;OK;;6605269018;1111;0008;tlacova chemia, farby;;
2414381;735640000;2.10.2014;17.9.2014;27.10.2014;SCP Papier a.s.;578,14   ;115,63;693,77;EUR;6.10.2014;OK;;1023397009;1111;0008;papier;;
2414382;3100080043;2.10.2014;17.9.2014;8.11.2014;EUROPAPIER - SLOVAKIA, spol.  s r.o.;954,37   ;190,87;1145,24;EUR;6.10.2014;OK;;1003055263;1111;0008;papier;;
2414383;64435528;2.10.2014;15.9.2014;3.10.2014;Direct Parcel Distribution SK s.r.o.;4,45   ;0,89;5,34;EUR;6.10.2014;OK;;2744789453;0200;0308;preprava;;
2414384;11114279;2.10.2014;26.9.2014;11.10.2014;Linwe/KRAFT, s.r.o.;671,50   ;134,30;805,80;EUR;zápočet 6/11/2014;OK;;4090054907;3100;0308;graficke prace;;
2414386;11114276;2.10.2014;29.9.2014;10.10.2014;Linwe/KRAFT, s.r.o.;210,00   ;42,00;252,00;EUR;zápočet 6/11/2014;OK;;4090054907;3100;0308;graficke prace;;
2414387;64437705;7.10.2014;30.9.2014;17.10.2014;Direct Parcel Distribution SK s.r.o.;24,08   ;4,82;28,90;EUR;13.10.2014;OK;;2744789453;0200;0308;preprava;;
2414389;2214495;7.10.2014;3.10.2014;17.10.2014;UNILAK SK, s.r.o.;165,30   ;33,06;198,36;EUR;28.10.2014;OK;;311989303;7500;0308;UV lak;;
2414390;FV14341;7.10.2014;2.10.2014;9.10.2014;1996 s.r.o.;46,70   ;9,34;56,04;EUR;3.10.2014;OK;;4030021505;3100;0308;sieťotlač design;;
2414391;7448480301;8.10.2014;1.10.2014;15.10.2014;ZSE Energia, a.s.;415,49   ;83,10;498,59;EUR;13.10.2014;OK;;2649000047;1100;0308;elektrina;;
2414392;64437705;10.10.2014;30.9.2014;17.10.2014;Direct Parcel Distribution SK s.r.o.;24,08   ;4,82;28,90;EUR;13.10.2014;OK;;2744789453;0200;0308;preprava;;
2414393;811410;10.10.2014;30.9.2014;14.10.2014;Polepy, s.r.o.;1 650,00   ;330,00;1980,00;EUR;13.10.2014;OK;;2926908927;1100;0308;CTP;;
2414394;321409103;10.10.2014;29.9.2014;13.10.2014;REMAPLAST spol. s r.o.;536,40   ;107,28;643,68;EUR;13.10.2014;OK;;2623250910;1100;0008;material na vyrobu reklamy;;
2414395;20140587;10.10.2014;17.9.2014;27.9.2014;BB PRINT, s.r.o;100,00   ;20,00;120,00;EUR;28.10.2014;OK;;2625191248;1100;0308;polygraficke sluzby;;
2414396;1409108;10.10.2014;30.9.2014;15.10.2014;CAREXPRESS s.r.o.;28,00   ;5,60;33,60;EUR;13.10.2014;OK;;2925898632;1100;0308;kurierske sluzby;;
2414397;141040;15.10.2014;29.9.2014;13.10.2014;AP Service s.r.o.;58,80   ;11,76;70,56;EUR;28.10.2014;OK;;172362593;0900;0008;vysekove formy a chemia;;
2414399;771540000;15.10.2014;29.9.2014;8.11.2014;SCP Papier a.s.;599,44   ;119,89;719,33;EUR;28.10.2014;OK;;1023397009;1111;0008;papier;;
2414400;2014085;15.10.2014;31.8.2014;25.9.2014;LikoSpol, a.s.;668,16   ;133,63;801,79;EUR;28.10.2014;OK;;9613368001;5600;0308;sluzby/najom;;
2414401;1403506956;15.10.2014;25.9.2014;25.10.2014;SPANDEX, s.r.o.;106,48   ;21,29;127,77;EUR;28.10.2014;OK;;2622020267;1100;0008;papier, folie ;;
2414402;142014;15.10.2014;1.10.2014;22.10.2014;Ivo Šmidt- SET;90,00   ;;90,00;EUR;28.10.2014;OK;;4019335909;7500;;grafické práce;;
2414403;;15.10.2014;15.10.2014;15.10.2014;Hornbach;312,50   ;62,50;375,00;EUR;15.10.2014;OK;;;;;;;
2414405;120141140;20.10.2014;3.10.2014;23.10.2014;GRAFITEC SLOVAKIA GROUP s r.o.;108,28   ;21,66;129,94;EUR;28.10.2014;OK;;2925863245;1100;0308;technologicke vybavenie;;
2414406;7700235131;20.10.2014;16.10.2014;16.11.2014;ANTALIS, a.s.;1,99   ;0,40;2,39;EUR;28.10.2014;OK;;1021225000;1111;0008;papier;;
2414407;2014272;20.10.2014;9.10.2014;27.10.2014;PACELT s.r.o.;324,80   ;64,96;389,76;EUR;28.10.2014;OK;;2627861313;1100;0308;servis;;
2414408;4514019841;20.10.2014;17.10.2014;27.10.2014;Office DEPOT;270,90   ;54,18;325,08;EUR;28.10.2014;OK;;302212113;7500;0008;kancelárske potreby;;
2414409;11114277;21.10.2014;29.9.2014;10.10.2014;Linwe/KRAFT, s.r.o.;510,00   ;102,00;612,00;EUR;zápočet 6/11/2014;OK;;4090054907;3100;0308;graficke prace;;
2414410;11114298;21.10.2014;14.10.2014;25.10.2014;Linwe/KRAFT, s.r.o.;94,61   ;18,92;113,53;EUR;zápočet 6/11/2014;OK;;4090054907;3100;0308;graficke prace;;
2414411;141081;21.10.2014;6.12.2014;20.10.2014;AP Service s.r.o.;39,50   ;7,90;47,40;EUR;28.10.2014;OK;;172362593;0900;0008;vysekove formy a chemia;;
2414412;1493500573;21.10.2014;1.10.2014;1.10.2014;SPANDEX, s.r.o.;5,10   ;1,02;6,12;EUR;1.10.2014;OK;;2622020267;1100;0008;papier, folie ;;
2414413;858840000;24.10.2014;22.10.2014;1.12.2014;SCP Papier a.s.;1 292,43   ;258,49;1550,92;EUR;28.10.2014;OK;;1023397009;1111;0008;papier;;
2414414;11140206;22.10.2014;22.10.2014;5.11.2014;LogArt;122,40   ;24,48;146,88;EUR;13.11.2014;OK;;1954649155;0200;;REDA;;
2414415;2014097;24.10.2014;30.9.2014;25.10.2014;LikoSpol, a.s.;662,18   ;132,44;794,62;EUR;28.10.2014;OK;;9613368001;5600;0308;sluzby/najom;;
2414416;60214075;24.10.2014;21.10.2014;31.10.2014;PROXIMA-3D spol. s r.o.;16,85   ;3,37;20,22;EUR;28.10.2014;OK;;2620320194;1100;0308;potlac reklamnych predmetov;;
2414417;849240000;24.10.2014;20.10.2014;29.11.2014;SCP Papier a.s.;311,97   ;62,39;374,36;EUR;28.10.2014;OK;;1023397009;1111;0008;papier;;
2414418;11114303;24.10.2014;21.10.2014;1.11.2014;Linwe/KRAFT, s.r.o.;119,00   ;23,80;142,80;EUR;zápočet 6/11/2014;OK;;4090054907;3100;0308;graficke prace;;
2414419;11114294;24.10.2014;13.10.2014;24.10.2014;Linwe/KRAFT, s.r.o.;180,00   ;36,00;216,00;EUR;zápočet 6/11/2014;OK;;4090054907;3100;0308;graficke prace;;
2414420;11114304;24.10.2014;21.10.2014;1.11.2014;Linwe/KRAFT, s.r.o.;344,00   ;68,80;412,80;EUR;zápočet 6/11/2014;OK;;4090054907;3100;0308;graficke prace;;
2414421;3100082179;24.10.2014;16.10.2014;1.11.2014;EUROPAPIER - SLOVAKIA, spol.  s r.o.;248,36   ;49,67;298,03;EUR;13.11.2014;OK;;1003055263;1111;0008;papier;;
2414422;1408108;24.10.2014;31.8.2014;15.9.2014;CAREXPRESS s.r.o.;8,00   ;1,60;9,60;EUR;28.10.2014;OK;;2925898632;1100;0308;kurierske sluzby;;
2414423;20140093;24.10.2014;23.9.2014;7.10.2014;Opack, s.r.o.;28,48   ;5,70;34,18;EUR;28.10.2014;OK;;2621802697;1100;0308;vysek;;
2414424;141108;24.10.2014;10.10.2014;24.10.2014;AP Service s.r.o.;67,50   ;13,50;81,00;EUR;13.11.2014;OK;;172362593;0900;0008;vysekove formy a chemia;;
2414425;1403508294;24.10.2014;20.10.2014;19.11.2014;SPANDEX, s.r.o.;99,68   ;19,94;119,62;EUR;24.11.2014;OK;;2622020267;1100;0008;papier, folie ;;
2414426;7700235444;27.10.2014;20.10.2014;10.11.2014;ANTALIS, a.s.;526,85   ;105,37;632,22;EUR;24.11.2014;OK;;1021225000;1111;0008;papier;;
2414427;7700235653;29.10.2014;21.10.2014;11.11.2014;ANTALIS, a.s.;514,44   ;102,89;617,33;EUR;24.11.2014;OK;;1021225000;1111;0008;papier;;
2414428;64440144;29.10.2014;20.10.2014;3.11.2014;Direct Parcel Distribution SK s.r.o.;12,29   ;2,46;14,75;EUR;13.11.2014;OK;;2744789453;0200;0308;preprava;;
2414429;11140251;29.10.2014;28.10.2014;11.11.2014;LogArt s.r.o.;36,00   ;7,20;43,20;EUR;13.11.2014;OK;;1954649155;0200;;REDA;;
2414430;11140233;24.10.2014;24.10.2014;7.11.2014;LogArt s.r.o.;38,40   ;7,68;46,08;EUR;13.11.2014;OK;;1954649155;0200;;REDA;;
2414431;11140234;24.10.2014;24.10.2014;7.11.2014;LogArt s.r.o.;50,40   ;10,08;60,48;EUR;13.11.2014;OK;;1954649155;0200;;REDA;;
2414432;3100082688;29.10.2014;23.10.2014;7.11.2014;EUROPAPIER - SLOVAKIA, spol.  s r.o.;1 038,70   ;207,74;1246,44;EUR;24.11.2014;OK;;1003055263;1111;0008;papier;;
2414433;514525;29.10.2014;27.10.2014;10.11.2014;ALEDETO SLOVAKIA spol. s r.o.;287,76   ;57,55;345,31;EUR;24.11.2014;OK;;2928708961;1100;0008;obaly;;
2414434;866340000;29.10.2014;24.10.2014;3.12.2014;SCP Papier a.s.;586,76   ;117,35;704,11;EUR;24.11.2014;OK;;1023397009;1111;0008;papier;;
2414435;4800000249;29.10.2014;23.10.2014;30.10.2014;LAVISI, s.r.o.;2 052,45   ;410,49;2462,94;EUR;23.10.2014;OK;;;;;radiator;;
2414436;451848;31.10.2014;20.10.2014;4.11.2014;HEIDELBERG Slovensko, s.r.o.;109,76   ;21,95;131,71;EUR;24.11.2014;OK;;5333007;1111;0008;tlacova chemia, farby;;
2414437;11114307;31.10.2014;22.10.2014;2.11.2014;Linwe/KRAFT, s.r.o.;52,50   ;10,50;63,00;EUR;zápočet 6/11/2014;OK;;4090054907;3100;0308;graficke prace;;
2414438;11114308;31.10.2014;23.10.2014;3.11.2014;Linwe/KRAFT, s.r.o.;35,00   ;7,00;42,00;EUR;zápočet 6/11/2014;OK;;4090054907;3100;0308;graficke prace;;
2414439;514533;31.10.2014;30.10.2014;13.11.2014;ALEDETO SLOVAKIA spol. s r.o.;493,28   ;98,66;591,94;EUR;24.11.2014;OK;;2928708961;1100;0008;obaly;;
2414440;7409813435;31.10.2014;21.10.2014;10.11.2014;Slovak Telekom, a.s.;100,94   ;14,85;115,79;EUR;13.11.2014;OK;;2621023511;1100;0308;internet;;
2414441;11114323;31.10.2014;30.10.2014;10.11.2014;Linwe/KRAFT, s.r.o.;300,00   ;60,00;360,00;EUR;zápočet 6/11/2014;OK;;4090054907;3100;0308;graficke prace;;
2414442;20142452;31.10.2014;30.10.2014;13.11.2014;TECHNOBAL - Šaľa, s.r.o.;165,92   ;33,18;199,10;EUR;24.11.2014;OK;;4230075508;3100;0008;baliace materialy;;
2414443;14090133;4.11.2014;27.10.2014;10.11.2014;V e V, spol. s r. o.;150,00   ;30,00;180,00;EUR;hotovosť;OK;;9978646;5200;0308;vysek;;
2414444;1403509115;4.11.2014;4.11.2014;4.12.2014;SPANDEX, s.r.o.;158,72   ;31,74;190,46;EUR;24.11.2014;OK;;2622020267;1100;0008;papier, folie ;;
2414445;2214568;6.11.2014;4.11.2014;18.11.2014;UNILAK SK, s.r.o.;50,00   ;10,00;60,00;EUR;24.11.2014;OK;;311989303;7500;0308;UV lak;;
2414446;911340000;6.11.2014;4.11.2014;14.12.2014;SCP Papier a.s.;29,77   ;5,95;35,72;EUR;24.11.2014;OK;;1023397009;1111;0008;papier;;
2414447;7448570580;6.11.2014;1.11.2014;17.11.2014;ZSE Energia, a.s.;415,49   ;83,10;498,59;EUR;13.11.2014;OK;;2649000047;1100;0308;elektrina;;
2414448;891440000;6.11.2014;28.10.2014;7.12.2014;SCP Papier a.s.;90,73   ;18,15;108,88;EUR;24.11.2014;OK;;1023397009;1111;0008;papier;;
2414449;11114331;6.11.2014;5.11.2014;16.11.2014;Linwe/KRAFT, s.r.o.;1 345,00   ;269,00;1614,00;EUR;zápočet 6/11/2014;OK;;4090054907;3100;0308;graficke prace;;
2414450;3100083039;6.11.2014;28.10.2014;19.12.2014;EUROPAPIER - SLOVAKIA, spol.  s r.o.;466,06   ;93,21;559,27;EUR;24.11.2014;OK;;1003055263;1111;0008;papier;;
2414451;1481001273;6.11.2014;21.10.2014;10.11.2014;GUMMI -  PRINT SLOVAKIA spol s r.o.;91,85   ;18,37;110,22;EUR;24.11.2014;OK;;6605269018;1111;0008;tlacova chemia, farby;;
2414452;811413;7.11.2014;31.10.2014;14.11.2014;Polepy, s.r.o.;1 665,00   ;333,00;1998,00;EUR;13.11.2014;OK;;2926908927;1100;0308;CTP;;
2414453;141187;7.11.2014;31.10.2014;14.11.2014;AP Service s.r.o.;145,10   ;29,02;174,12;EUR;9.12.2014;OK;;172362593;0900;0008;vysekove formy a chemia;;
2414454;141223;7.11.2014;6.11.2014;20.11.2014;AP Service s.r.o.;63,90   ;12,78;76,68;EUR;9.12.2014;OK;;172362593;0900;0008;vysekove formy a chemia;;
2414455;64443093;7.11.2014;31.10.2014;19.11.2014;Direct Parcel Distribution SK s.r.o.;5,76   ;1,15;6,91;EUR;24.11.2014;OK;;2744789453;0200;0308;preprava;;
2414456;201410830;7.11.2014;31.10.2014;14.11.2014;Orlík Kompresory Sk spol. r.r.o.;16,54   ;3,31;19,85;EUR;24.11.2014;OK;;26453323;7500;0008;;;
2414457;11114264;10.11.2014;5.9.2014;16.9.2014;Linwe/KRAFT, s.r.o.;385,00   ;77,00;462,00;EUR;zápočet 31/12/14;OK;;4090054907;3100;0308;graficke prace;;
2414458;1481001284;10.11.2014;24.10.2014;13.11.2014;GUMMI -  PRINT SLOVAKIA spol s r.o.;88,00   ;17,60;105,60;EUR;9.12.2014;OK;;6605269018;1111;0008;tlacova chemia, farby;;
2414459;9114063;10.11.2014;10.11.2014;4.12.2014;P78, s.r.o.;10 440,00   ;2088,00;12528,00;EUR;13.11.2014;OK;;2924849062;1100;0008;CTP platne;;
2414460;451987;10.11.2014;27.10.2014;12.11.2014;HEIDELBERG Slovensko, s.r.o.;308,28   ;61,66;369,94;EUR;9.12.2014;OK;;5333007;1111;0008;tlacova chemia, farby;;
2414461;8011210130018;10.11.2014;31.10.2014;31.10.2014;Slovenská pošta a.s.;343,29   ;68,66;411,95;EUR;hotovosť;OK;19;3001130011;6500;0308;postove sluzby;;
2414462;3100083608;10.11.2014;5.11.2014;27.12.2014;EUROPAPIER - SLOVAKIA, spol.  s r.o.;132,27   ;26,45;158,72;EUR;9.12.2014;OK;;1003055263;1111;0008;papier;;
2414463;1493500715;12.11.2014;11.11.2014;11.11.2014;SPANDEX, s.r.o.;47,59   ;9,52;57,11;EUR;11.11.2014;OK;;2622020267;1100;0008;papier, folie ;;
2414464;943340000;13.11.2014;12.11.2014;22.12.2014;SCP Papier a.s.;2 249,46   ;449,89;2699,35;EUR;9.12.2014;OK;;1023397009;1111;0008;papier;;
2414465;1403509663;18.11.2014;14.11.2014;14.12.2014;SPANDEX, s.r.o.;125,51   ;25,10;150,61;EUR;9.12.2014;OK;;2622020267;1100;0008;papier, folie ;;
2414466;1403509689;18.11.2014;14.11.2014;14.12.2014;SPANDEX, s.r.o.;1 085,20   ;217,04;1302,24;EUR;9.12.2014;OK;;2622020267;1100;0008;papier, folie ;;
2414467;1403509668;18.11.2014;14.11.2014;14.12.2014;SPANDEX, s.r.o.;346,50   ;69,30;415,80;EUR;9.12.2014;OK;;2622020267;1100;0008;papier, folie ;;
2414468;11114340;18.11.2014;11.11.2014;22.11.2014;Linwe/KRAFT, s.r.o.;12 648,50   ;2529,70;15178,20;EUR;zápočet 31/12/14;OK;;4090054907;3100;0308;graficke prace;;
2414469;60214079;18.11.2014;3.11.2014;13.11.2014;PROXIMA-3D spol. s r.o.;368,00   ;73,60;441,60;EUR;9.12.2014;OK;;2620320194;1100;0308;potlac reklamnych predmetov;;
2414470;2214582;18.11.2014;11.11.2014;25.11.2014;UNILAK SK, s.r.o.;55,08   ;11,02;66,10;EUR;9.12.2014;OK;;311989303;7500;0308;UV lak;;
2414471;7700238534;18.11.2014;13.11.2014;4.12.2014;ANTALIS, a.s.;169,12   ;33,82;202,94;EUR;18.12.2014;OK;;1021225000;1111;0008;papier;;
2414472;7700237645;18.11.2014;6.11.2014;27.11.2014;ANTALIS, a.s.;76,33   ;15,27;91,60;EUR;18.12.2014;;;1021225000;1111;0008;papier;;
2414473;1403509183;18.11.2014;5.11.2014;5.12.2014;SPANDEX, s.r.o.;94,72   ;18,94;113,66;EUR;18.12.2014;OK;;2622020267;1100;0008;papier, folie ;;
2414474;1410108;18.11.2014;31.10.2014;18.11.2014;CAREXPRESS s.r.o.;16,00   ;3,2;19,20;EUR;9.12.2014;OK;;2925898632;1100;0308;kurierske sluzby;;
2414475;20140130;18.11.2014;5.11.2014;12.11.2014;LMT obaly s.r.o.;127,00   ;25,40;152,40;EUR;9.12.2014;OK;;2663988856;0200;0008;kasirovanie;;
2414476;2682014;19.11.2014;18.11.2014;2.12.2014;Marek Vach;17,50   ;3,50;21,00;EUR;9.12.2014;OK;;2623431463;1100;0308;digitalny natlacok;;
2414477;7700236602;20.11.2014;29.10.2014;19.11.2014;ANTALIS, a.s.;134,62   ;26,92;161,54;EUR;18.12.2014;OK;;1021225000;1111;0008;papier;;
2414478;141176;20.11.2014;30.10.2014;13.11.2014;AP Service s.r.o.;164,40   ;32,88;197,28;EUR;18.12.2014;OK;;172362593;0900;0008;vysekove formy a chemia;;
2414479;7700239552;24.11.2014;21.11.2014;12.12.2014;ANTALIS, a.s.;167,75   ;33,55;201,30;EUR;18.12.2014;OK;;1021225000;1111;0008;papier;;
2414480;7700239138;24.11.2014;19.11.2014;10.12.2014;ANTALIS, a.s.;228,65   ;45,73;274,38;EUR;18.12.2014;OK;;1021225000;1111;0008;papier;;
2414481;7700239144;24.11.2014;19.11.2014;10.12.2014;ANTALIS, a.s.;344,18   ;68,84;413,02;EUR;18.12.2014;OK;;1021225000;1111;0008;papier;;
2414482;20140110;24.11.2014;31.10.2014;14.11.2014;Opack, s.r.o.;56,56   ;11,31;67,87;EUR;18.12.2014;OK;;2621802697;1100;0308;vysek;;
2414483;452093;24.11.2014;7.11.2014;24.11.2014;HEIDELBERG Slovensko, s.r.o.;46,35   ;9,27;55,62;EUR;18.12.2014;OK;;5333007;1111;0008;tlacova chemia, farby;;
2414484;452182;24.11.2014;12.11.2014;27.11.2014;HEIDELBERG Slovensko, s.r.o.;140,77   ;28,15;168,92;EUR;18.12.2014;OK;;5333007;1111;0008;tlacova chemia, farby;;
2414485;1413157;24.11.2014;14.11.2014;28.11.2014;Ordner, s.r.o.;300,50   ;60,10;360,60;EUR;13.5.2015;OK;;5019744686;0900;0008;digitalna tlac;;
2414486;9732014;24.11.2014;2.10.2014;16.11.2014;Direct Marketing, a.s.;495,00   ;99,00;594,00;EUR;29.12.2014;OK;;20324002;6500;0308;foliovanie;;
2414487;3100084275;24.11.2014;13.11.2014;4.1.2015;EUROPAPIER - SLOVAKIA, spol.  s r.o.;2 066,57   ;413,31;2479,88;EUR;29.12.2014;OK;;1003055263;1111;0008;papier;;
2414488;20140043;24.11.2014;30.9.2014;24.11.2014;Dušan Mišún;6 053,23   ;1210,65;7263,88;EUR;5.3.2015;OK;;784049012;0200;;;;
2414489;2014109;24.11.2014;31.10.2014;25.11.2014;LikoSpol, a.s.;673,69   ;134,74;808,43;EUR;29.12.2014;OK;;9613368001;5600;0308;sluzby/najom;;
2414490;452265;24.11.2014;21.11.2014;5.12.2014;HEIDELBERG Slovensko, s.r.o.;210,48   ;42,10;252,58;EUR;29.12.2014;OK;;5333007;1111;0008;tlacova chemia, farby;;
2414491;20140135;24.11.2014;20.11.2014;20.11.2014;MANUFAKTURA SHOP.SK;988,00   ;0,00;988,00;EUR;24.11.2014;;;;;;;;
2414492;9114064;25.11.2014;24.11.2014;18.12.2014;P78, s.r.o.;1 044,00   ;208,80;1252,80;EUR;9.12.2014;;;2924849062;1100;0008;CTP platne;;
2414493;7700239717;25.11.2014;24.11.2014;15.12.2014;ANTALIS, a.s.;74,21   ;14,84;89,05;EUR;29.12.2014;;;1021225000;1111;0008;papier;;
2414494;11114354;25.11.2014;21.11.2014;2.12.2014;Linwe/KRAFT, s.r.o.;539,75   ;107,95;647,70;EUR;zápočet 31/12/14;;;4090054907;3100;0308;graficke prace;;
2414495;3140573;26.11.2014;18.11.2014;18.11.2014;BELEX spol. s.r.o.;56,00   ;11,20;67,20;EUR;26.11.2014;;;1066245312;0200;0308;tlaciarenske vybavenie;;
2414496;1403510201;3.12.2014;27.11.2014;27.12.2014;SPANDEX, s.r.o.;122,56   ;24,51;147,07;EUR;29.12.2014;;;2622020267;1100;0008;papier, folie ;;
2414497;10042014;3.12.2014;24.11.2014;3.12.2014;Sketch;923,26   ;184,65;1107,91;EUR;18.12.2014;;;2628705830;1100;0008;reklamne predmety;;
2414498;2014087;3.12.2014;28.11.2014;12.12.2014;Ondrej Bauer;50,00   ;10,00;60,00;EUR;9.12.2014;;;4203850951;8360;0308;samolepky;;
2414499;11114356;3.12.2014;27.11.2014;8.12.2014;Linwe/KRAFT, s.r.o.;8 146,50   ;1629,30;9775,80;EUR;zápočet 31/12/14;;;4090054907;3100;0308;graficke prace;;
2414500;452334;3.12.2014;26.11.2014;11.12.2014;HEIDELBERG Slovensko, s.r.o.;322,83   ;64,57;387,40;EUR;29.12.2014;;;5333007;1111;0008;tlacova chemia, farby;;
2414501;1403510022;3.12.2014;24.11.2014;24.12.2014;SPANDEX, s.r.o.;450,15   ;90,03;540,18;EUR;29.12.2014;;;2622020267;1100;0008;papier, folie ;;
2414502;201413296;3.12.2014;27.11.2014;11.12.2014;TYPOCON spol. s r.o.;183,14   ;36,63;219,77;EUR;29.12.2014;;;2629455124;1100;0308;digitalna tlac;;
2414503;7410774484;3.12.2014;21.11.2014;9.12.2014;Slovak Telekom, a.s.;101,78   ;15,02;116,80;EUR;29.12.2014;;;2621023511;1100;0308;internet;;
2414504;1010040000;3.12.2014;1.12.2014;10.1.2015;SCP Papier a.s.;1 174,33   ;234,87;1409,20;EUR;29.12.2014;;;1023397009;1111;0008;papier;;
2414505;11114361;3.12.2014;3.12.2014;14.12.2014;Linwe/KRAFT, s.r.o.;7 951,75   ;1590,35;9542,10;EUR;zápočet 31/12/14;;;4090054907;3100;0308;graficke prace;;
2414506;811416;3.12.2014;2.12.2014;16.12.2014;Polepy, s.r.o.;1 800,00   ;360,00;2160,00;EUR;9.12.2014;;;2926908927;1100;0308;CTP;;
2414507;14020177;3.12.2014;7.11.2014;21.11.2014;Balloon Design;50,75   ;10,15;60,90;EUR;7.11.2014;;;2626013558;1100;0008;balóny;;
2414508;1481001490;22.12.2014;28.11.2014;12.12.2014;GUMMI -  PRINT SLOVAKIA spol s r.o.;81,00   ;16,20;97,20;EUR;29.12.2014;;;6605269018;1111;0008;tlacova chemia, farby;;
2414509;1079840000;22.12.2014;19.12.2014;28.1.2015;SCP Papier a.s.;2 931,05   ;586,21;3517,26;EUR;14.1.2015;;;1023397009;1111;0008;papier;;
2414510;1080240000;22.12.2014;19.12.2014;28.1.2015;SCP Papier a.s.;607,88   ;121,58;729,46;EUR;29.12.2014;;;1023397009;1111;0008;papier;;
2414511;1403511286;22.12.2014;18.12.2014;17.1.2015;SPANDEX, s.r.o.;53,68   ;10,74;64,42;EUR;29.12.2014;;;2622020267;1100;0008;papier, folie ;;
2414512;1411108;22.12.2014;30.11.2014;18.12.2014;CAREXPRESS s.r.o.;41,00   ;8,20;49,20;EUR;29.12.2014;;;2925898632;1100;0308;kurierske sluzby;;
2414513;20140654;22.12.2014;13.10.2014;23.10.2014;BB PRINT, s.r.o;110,00   ;22,00;132,00;EUR;29.12.2014;;;2625191248;1100;0308;polygraficke sluzby;;
2414514;14010363;22.12.2014;5.12.2014;19.12.2014;Balloon Design;41,58   ;8,32;49,90;EUR;29.12.2014;;;2626013558;1100;0008;balóny;;
2414515;3100085327;22.12.2014;27.11.2014;18.1.2015;EUROPAPIER - SLOVAKIA, spol.  s r.o.;522,08   ;104,42;626,50;EUR;29.12.2014;;;1003055263;1111;0008;papier;;
2414516;3100085274;22.12.2014;27.11.2014;18.1.2015;EUROPAPIER - SLOVAKIA, spol.  s r.o.;1 562,98   ;312,60;1875,58;EUR;29.12.2014;;;1003055263;1111;0008;papier;;
2414517;7700241047;22.12.2014;3.12.2014;24.12.2014;ANTALIS, a.s.;120,19   ;24,04;144,23;EUR;29.12.2014;;;1021225000;1111;0008;papier;;
2414518;20142800;22.12.2014;8.12.2014;22.12.2014;TECHNOBAL - Šaľa, s.r.o.;116,06   ;23,21;139,27;EUR;29.12.2014;;;4230075508;3100;0008;baliace materialy;;
2414519;852014;22.12.2014;8.12.2014;22.12.2014;Szabová Jaroslava;20,00   ;0,00;20;EUR;29.12.2014;;;5039524314;0900;0308;výsek samolepiek;;
2414520;1403510802;22.12.2014;9.12.2014;8.1.2015;SPANDEX, s.r.o.;85,51   ;17,10;102,61;EUR;29.12.2014;;;2622020267;1100;0008;papier, folie ;;
2414521;7700242303;22.12.2014;12.12.2014;2.1.2015;ANTALIS, a.s.;71,29   ;14,26;85,55;EUR;29.12.2014;;;1021225000;1111;0008;papier;;
2414522;141378;22.12.2014;8.12.2014;22.12.2014;AP Service s.r.o.;175,46   ;35,09;210,55;EUR;29.12.2014;;;172362593;0900;0008;vysekove formy a chemia;;
2414523;452518;22.12.2014;9.12.2014;25.12.2014;HEIDELBERG Slovensko, s.r.o.;775,18   ;155,04;930,22;EUR;29.12.2014;;;5333007;1111;0008;tlacova chemia, farby;;
2414524;3100086330;22.12.2014;10.12.2014;31.1.2015;EUROPAPIER - SLOVAKIA, spol.  s r.o.;592,04   ;118,41;710,45;EUR;29.12.2014;;;1003055263;1111;0008;papier;;
2414525;3100086260;22.12.2014;9.12.2014;30.1.2015;EUROPAPIER - SLOVAKIA, spol.  s r.o.;56,10   ;11,22;67,32;EUR;29.12.2014;;;1003055263;1111;0008;papier;;
2414526;414103192;22.12.2014;9.12.2014;10.12.2014;HARMANEC-KUVERT s.r.o.;299,00   ;59,80;358,8;EUR;uhradené preddavkom;;;2928018055;1100;0308;obalka;;
2414527;20140859;22.12.2014;16.12.2014;26.12.2014;BB PRINT, s.r.o;420,00   ;84,00;504;EUR;29.12.2014;;;2625191248;1100;0308;polygraficke sluzby;;
2414528;20140817;22.12.2014;8.12.2014;18.12.2014;BB PRINT, s.r.o;220,00   ;44,00;264;EUR;29.12.2014;;;2625191248;1100;0308;polygraficke sluzby;;
2414529;20140030;22.12.2014;12.5.2014;26.5.2014;Dušan Mišún;1 149,69   ;229,94;1379,63;EUR;29.12.2014;;;784049012;0200;0308;stavebne prace;;
2414530;1403511055;22.12.2014;15.12.2014;14.1.2014;SPANDEX, s.r.o.;2 044,38   ;408,88;2453,26;EUR;29.12.2014;;;2622020267;1100;0008;papier, folie ;;
2414531;11114420;22.12.2014;22.12.2014;2.1.2015;Linwe/KRAFT, s.r.o.;2 010,72   ;402,14;2412,86;EUR;zápočet 31/12/14;;;4090054907;3100;0308;graficke prace;;
2414532;11114418;22.12.2014;22.12.2014;2.1.2015;Linwe/KRAFT, s.r.o.;400,00   ;80,00;480,00 €;EUR;zápočet 31/3/15;;;4090054907;3100;0308;graficke prace;;
2414533;11114419;22.12.2014;22.12.2014;2.1.2015;Linwe/KRAFT, s.r.o.;100,00   ;20,00;120,00 €;EUR;zápočet 31/3/15;;;4090054907;3100;0308;graficke prace;;
2414534;7411736507;7.1.2015;21.12.2015;9.1.2015;Slovak Telekom, a.s.;209,37   ;35,54;244,91;EUR;14.1.2015;;;2621023511;1100;0308;internet;;
2414535;811417;7.1.2015;29.12.2015;12.1.2015;Polepy, s.r.o.;3 350,00   ;670,00;4020;EUR;14.1.2015;;;2926908927;1100;0308;CTP;;
2414536;120141588;12.1.2015;11.12.2014;6.1.2015;GRAFITEC SLOVAKIA GROUP s r.o.;78,00   ;15,60;93,6;EUR;14.1.2015;;;2925863245;1100;0308;technologicke vybavenie;;
2414537;111400045;12.1.2015;8.12.2014;29.12.2015;HE Group s.r.o.;1 666,70   ;333,34;2000,04;EUR;23.1.2015;;;4011110027;7500;0308;montazne prace;;
2414538;452597;12.1.2015;19.12.2014;2.1.2015;HEIDELBERG Slovensko, s.r.o.;605,15   ;121,03;726,18;EUR;14.1.2015;;;5333007;1111;0008;tlacova chemia, farby;;
2414539;3100087455;12.1.2015;29.12.2014;19.2.2015;EUROPAPIER - SLOVAKIA, spol.  s r.o.;5 738,04   ;1147,61;6885,65;EUR;14.1.2015;;;1003055263;1111;0008;papier;;
2414540;1481001586;12.1.2015;15.12.2014;6.1.2015;GUMMI -  PRINT SLOVAKIA spol s r.o.;104,00   ;20,80;124,8;EUR;14.1.2015;;;6605269018;1111;0008;tlacova chemia, farby;;
2414541;141454;12.1.2015;19.12.2014;2.1.2015;AP Service s.r.o.;127,21   ;25,44;152,65;EUR;14.1.2015;;;172362593;0900;0008;vysekove formy a chemia;;
2414542;3100087264;12.1.2015;19.12.2014;9.2.2015;EUROPAPIER - SLOVAKIA, spol.  s r.o.;475,65   ;95,13;570,78;EUR;14.1.2015;;;1003055263;1111;0008;papier;;
2414543;80141917;12.1.2015;15.12.2014;2.1.2015;KASICO, a.s.;216,00   ;43,20;259,2;EUR;14.1.2015;;;11446665;0900;0308;tlac;;
2414544;452556;12.1.2015;16.12.2014;30.12.2015;HEIDELBERG Slovensko, s.r.o.;440,76   ;88,15;528,91;EUR;14.1.2015;;;5333007;1111;0008;tlacova chemia, farby;;
2414545;1083640000;12.1.2015;22.12.2014;31.1.2015;SCP Papier a.s.;68,52   ;13,70;82,22;EUR;14.1.2015;;;1023397009;1111;0008;papier;;
2414546;3902014;13.1.2015;23.12.2014;31.12.2015;PREPRESS - Štefan Csicsay;73,26   ;14,65;87,91;EUR;14.1.2015;;;4008816360;7500;0308;polygraficka vyroba;;
2414547;2014122;13.1.2015;30.11.2014;25.12.2015;LikoSpol, a.s.;950,35   ;190,07;1140,42;EUR;14.1.2015;;;9613368001;5600;0308;sluzby/najom;;
2414548;11114368;13.1.2015;7.12.2014;18.12.2015;Linwe/KRAFT, s.r.o.;9 283,46   ;1856,69;11 140,15 €;EUR;zápočet 31/3/15;;;4090054907;3100;0308;graficke prace;;
2414549;20140140;13.1.2015;19.12.2014;2.1.2015;Opack, s.r.o.;52,80   ;10,56;63,36;EUR;14.1.2015;;;2621802697;1100;0308;vysek;;
2414550;2214657;13.1.2015;12.12.2014;26.12.2015;UNILAK SK, s.r.o.;190,00   ;38,00;228;EUR;23.1.2015;;;311989303;7500;0308;UV lak;;
2414551;7210643566;31.12.2014;31.12.2014;20.1.2015;ZSE Energia, a.s.;777,18   ;155,44;937,33;EUR;15.1.2015;;;2649000047;1100;0308;elektrina;;
2414552;141442;14.1.2015;19.12.2015;2.1.2015;AP Service s.r.o.;125,06   ;25,01;150,07;EUR;23.1.2015;;;172362593;0900;0008;vysekove formy a chemia;;
2414553;11150026;16.1.2015;31.12.2015;16.1.2015;LogArt, s.r.o.;116,35   ;23,27;139,62;EUR;23.1.2015;;;1954649155;0200;;;;
2414554;2014133;19.1.2015;31.12.2014;25.1.2014;LikoSpol, a.s.;1 038,96   ;207,79;1246,75;EUR;23.1.2015;;;9613368001;5600;0308;sluzby/najom;;
2414555;1412108;19.1.2015;31.12.2015;25.1.2015;CAREXPRESS s.r.o.;12,00   ;2,40;14,4;EUR;23.1.2015;;;2925898632;1100;0308;kurierske sluzby;;
2414556;20142891;21.1.2015;17.12.2015;31.12.2015;TECHNOBAL - Šaľa, s.r.o.;171,64   ;34,33;205,97;EUR;23.1.2015;;;4230075508;3100;0008;baliace materialy;;
2414557;811418;28.1.2015;31.12.2014;14.1.2015;Polepy, s.r.o.;3 350,00   ;670,00;4020;EUR;10.2.2015;;;2926908927;1100;0308;tlačiarenske práce;;
2414558;151213;6.2.2015;24.12.2014;7.1.2015;Martin Mačuga;768,00   ;0,00;768;EUR;10.2.2015;;;174316697;0900;0308;polygraficka vyroba;;
